"Candidate_Entity.id","Candidate","Election_Status","Status_of_Candidate","Specific_Party","General_Party","Office_Sought","Num_of_Records","Total_dollar"
18930579,"MURRAY, PATTY","Won-General","Won","DEMOCRATIC","Democratic","US SENATE DISTRICT WA SW-CLASS III",20495,12813656.43
2912405,"INSLEE, JAY ROBERT","Won-General","Won","DEMOCRATIC","Democratic","GOVERNOR",34769,9736277.53
2357498,"BRYANT II, WILLIAM LEE (BILL)","Lost-General","Lost","REPUBLICAN","Republican","GOVERNOR",9513,3905582.18
2941046,"MCMORRIS RODGERS, CATHY","Won-General","Won","REPUBLICAN","Republican","US HOUSE DISTRICT WA 005",2555,3285079
2644458,"JAYAPAL, PRAMILA","Won-General","Won","DEMOCRATIC","Democratic","US HOUSE DISTRICT WA 007",4345,2987333.33
1230035,"KILMER, DEREK C","Won-General","Won","DEMOCRATIC","Democratic","US HOUSE DISTRICT WA 006",2153,2141043.76
2610675,"DELBENE, SUZAN K","Won-General","Won","DEMOCRATIC","Democratic","US HOUSE DISTRICT WA 001",4340,2057562.05
2683738,"WALKINSHAW, BRADY","Lost-General","Lost","DEMOCRATIC","Democratic","US HOUSE DISTRICT WA 007",3750,1915657.54
3576336,"REICHERT, DAVE","Won-General","Won","REPUBLICAN","Republican","US HOUSE DISTRICT WA 008",1557,1655867.43
2606434,"HECK, DENNIS R (DENNY)","Won-General","Won","DEMOCRATIC","Democratic","US HOUSE DISTRICT WA 010",1717,1544197.23
2805823,"FERGUSON, ROBERT WATSON","Won-General","Won","DEMOCRATIC","Democratic","ATTORNEY GENERAL",4901,1384553.43
2951218,"HERRERA, JAIME LYNN","Won-General","Won","REPUBLICAN","Republican","US HOUSE DISTRICT WA 003",1761,1384362.08
6600370,"NEWHOUSE, DANIEL M","Won-General","Won","REPUBLICAN","Republican","US HOUSE DISTRICT WA 004",1358,1290023.57
2610015,"HABIB, K CYRUS","Won-General","Won","DEMOCRATIC","Democratic","LIEUTENANT GOVERNOR",2440,1036816.22
17657616,"LARSEN, RICK","Won-General","Won","DEMOCRATIC","Democratic","US HOUSE DISTRICT WA 002",757,959856.66
40587935,"PODLODOWSKI, TINA","Lost-General","Lost","DEMOCRATIC","Democratic","SECRETARY OF STATE",2778,923388.58
17658734,"SMITH, ADAM","Won-General","Won","DEMOCRATIC","Democratic","US HOUSE DISTRICT WA 009",642,918503.93
13010853,"WYMAN, KIMBERLEY M (KIM)","Won-General","Won","REPUBLICAN","Republican","SECRETARY OF STATE",4077,860403
2602931,"LITZOW, STEPHEN R","Lost-General","Lost","REPUBLICAN","Republican","SENATE DISTRICT 041",1160,798129.11
15633024,"WILSON, LYNDA D","Won-General","Won","REPUBLICAN","Republican","SENATE DISTRICT 017",922,769281.12
40587910,"MCLAUGHLIN, STEVE","Lost-General","Lost","REPUBLICAN","Republican","COMMISSIONER OF PUBLIC LANDS",443,730429.72
2764763,"MULLET, MARK D","Won-General","Won","DEMOCRATIC","Democratic","SENATE DISTRICT 005",853,561914.91
2865712,"OBAN, STEVEN T (STEVE)","Won-General","Won","REPUBLICAN","Republican","SENATE DISTRICT 028",1111,555196.77
40587909,"FRANZ, HILARY","Won-General","Won","DEMOCRATIC","Democratic","COMMISSIONER OF PUBLIC LANDS",1429,530137.17
2784406,"MAGENDANZ, CHAD L","Lost-General","Lost","REPUBLICAN","Republican","SENATE DISTRICT 005",602,497732.9
40587957,"WELLMAN, LISA","Won-General","Won","DEMOCRATIC","Democratic","SENATE DISTRICT 041",997,487389.84
2756378,"PROBST, TIMOTHY P (TIM)","Lost-General","Lost","INDEPENDENT DEMOCRATIC","Third-Party","SENATE DISTRICT 017",1141,480331.94
2631559,"LOVICK, JOHN R (JOHNNY)","Won-General","Won","DEMOCRATIC","Democratic","HOUSE DISTRICT 044-POSITION 1",1022,476445.04
6600530,"BAILEY, BARBARA F","Won-General","Won","REPUBLICAN","Republican","SENATE DISTRICT 010",876,474269.57
40587994,"MCDERMOTT, JOE","Lost-Top Two Primary","Lost","DEMOCRATIC","Democratic","US HOUSE DISTRICT WA 007",847,469355.42
2888639,"HOBBS, STEVEN R","Lost-Top Two Primary","Lost","DEMOCRATIC","Democratic","LIEUTENANT GOVERNOR",604,465526.47
40587949,"PELOQUIN, MARISA","Lost-General","Lost","DEMOCRATIC","Democratic","SENATE DISTRICT 028",797,404680
2746364,"SCHOESLER, MARK G","Won-General","Won","REPUBLICAN","Republican","SENATE DISTRICT 009",776,404110
3576740,"VANCE, CHRIS","Lost-General","Lost","REPUBLICAN","Republican","US SENATE DISTRICT WA SW-CLASS III",467,396614.98
24811984,"KILDUFF, CHRISTINE","Won-General","Won","DEMOCRATIC","Democratic","HOUSE DISTRICT 028-POSITION 2",736,356714.12
40587998,"PAKOOTAS, JOE","Lost-General","Lost","DEMOCRATIC","Democratic","US HOUSE DISTRICT WA 005",761,338600.59
40587783,"PELLICCIOTTI, MICHAEL (MIKE)","Won-General","Won","DEMOCRATIC","Democratic","HOUSE DISTRICT 030-POSITION 1",993,333610.25
40587945,"HOMOLA, ANGELA (ANGIE)","Lost-General","Lost","DEMOCRATIC","Democratic","SENATE DISTRICT 010",1011,332517.04
13007654,"RIVERS, ANNA M","Won-General","Won","REPUBLICAN","Republican","SENATE DISTRICT 018",717,325862.5
40587746,"HUXFORD, JANICE","Lost-General","Lost","REPUBLICAN","Republican","HOUSE DISTRICT 044-POSITION 1",511,324452.71
40587740,"GRAVES, PAUL","Won-General","Won","REPUBLICAN","Republican","HOUSE DISTRICT 005-POSITION 2",545,319880.69
2679906,"FRASER, KAREN R","Lost-Top Two Primary","Lost","DEMOCRATIC","Democratic","LIEUTENANT GOVERNOR",2112,315102.97
2675390,"KING, CURTIS P","Won-General","Won","REPUBLICAN","Republican","SENATE DISTRICT 014",739,308938.92
2621038,"YU, MARY I","Won-General","Won","NONPARTISAN","Nonpartisan","SUPREME COURT",1432,307962.41
2790634,"KOCHMAR, LINDA L","Lost-General","Lost","REPUBLICAN","Republican","HOUSE DISTRICT 030-POSITION 1",589,304343.29
3965598,"HICKEL, TERI H","Lost-General","Lost","REPUBLICAN","Republican","HOUSE DISTRICT 030-POSITION 2",408,299276.97
2831247,"YOUNG, JESSE L","Won-General","Won","REPUBLICAN","Republican","HOUSE DISTRICT 026-POSITION 1",468,294931.16
2802985,"SPRUNG, JEFFREY T (JEFF)","Lost-Top Two Primary","Lost","DEMOCRATIC","Democratic","AUDITOR",727,289536.16
3150952,"ZEIGER, HANS A","Won-General","Won","REPUBLICAN","Republican","SENATE DISTRICT 025",867,279999.88
17693297,"KRAFT, VICKI CALDWELL","Won-General","Won","REPUBLICAN","Republican","HOUSE DISTRICT 017-POSITION 1",286,277321.93
13009769,"WIGGINS, CHARLES (CHARLIE)","Won-General","Won","NONPARTISAN","Nonpartisan","SUPREME COURT-006",1237,277050.38
3025310,"SULLIVAN, PATRICK J (PAT)","Won-General","Won","DEMOCRATIC","Democratic","HOUSE DISTRICT 047-POSITION 2",565,271013.95
2810681,"KRISTIANSEN, DANIEL P (DAN)","Won-General","Won","REPUBLICAN","Republican","HOUSE DISTRICT 039-POSITION 1",432,266245.33
40587766,"KRUGER-LEAVITT, MARI","Lost-General","Lost","DEMOCRATIC","Democratic","HOUSE DISTRICT 028-POSITION 1",354,264204.83
2605453,"WILCOX III, JAMES T (JT)","Won-General","Won","REPUBLICAN","Republican","HOUSE DISTRICT 002-POSITION 2",821,260232.13
40335670,"JONES, ERIN","Lost-General","Lost","NONPARTISAN","Nonpartisan","SUPERINTENDENT OF PUBLIC INSTRUCTION",2256,254153.65
15737439,"CALDIER, MICHELLE D","Won-General","Won","REPUBLICAN","Republican","HOUSE DISTRICT 026-POSITION 2",756,251357.86
40587794,"REEVES, KRISTINE","Won-General","Won","DEMOCRATIC","Democratic","HOUSE DISTRICT 030-POSITION 2",448,246108.53
40587790,"PURCELL, TERESA","Lost-General","Lost","DEMOCRATIC","Democratic","HOUSE DISTRICT 019-POSITION 1",646,240295.31
2674146,"CLEVELAND, ANNETTE M","Won-General","Won","DEMOCRATIC","Democratic","SENATE DISTRICT 049",768,239796.45
2649318,"BRAUN, JOHN E","Won-General","Won","REPUBLICAN","Republican","SENATE DISTRICT 020",509,236607.69
24812010,"BOWLING, IRENE","Lost-General","Lost","INDEPENDENT DEMOCRATIC","Third-Party","HOUSE DISTRICT 035-POSITION 1",416,234134.05
2657983,"PATTI, CRAIG","Lost-General","Lost","INDEPENDENT DEMOCRATIC","Third-Party","HOUSE DISTRICT 035-POSITION 2",320,232680.68
40587801,"SHIH, DANIEL J (DAN)","Lost-General","Lost","DEMOCRATIC","Democratic","HOUSE DISTRICT 043-POSITION 1",1198,230792.13
2639351,"CHOPP JR, FRANK V","Won-General","Won","DEMOCRATIC","Democratic","HOUSE DISTRICT 043-POSITION 2",432,229338.61
40587779,"ONDRACEK, KATRINA","Lost-General","Lost","DEMOCRATIC","Democratic","HOUSE DISTRICT 044-POSITION 2",224,228221.07
40587755,"KIM, SAM","Lost-General","Lost","INDEPENDENT DEMOCRATIC","Third-Party","HOUSE DISTRICT 017-POSITION 1",275,227766.6
11951746,"PALUMBO, GUY F","Won-General","Won","DEMOCRATIC","Democratic","SENATE DISTRICT 001",337,227476.43
40587824,"WALTHERS, LANE","Lost-General","Lost","INDEPENDENT DEMOCRATIC","Third-Party","HOUSE DISTRICT 031-POSITION 2",211,206752.73
40587706,"BURNER, DARCY","Lost-General","Lost","DEMOCRATIC","Democratic","HOUSE DISTRICT 005-POSITION 2",1036,206363.39
3800343,"MILOSCIA, MARK A","Lost-General","Lost","REPUBLICAN","Republican","AUDITOR",851,203635.12
40343757,"WALSH, JAMES W (JIM)","Won-General","Won","REPUBLICAN","Republican","HOUSE DISTRICT 019-POSITION 1",352,198718.55
2768659,"UPTHEGROVE, DAVID P (DAVE)","Lost-Top Two Primary","Lost","DEMOCRATIC","Democratic","COMMISSIONER OF PUBLIC LANDS",912,198077.17
13007697,"REYKDAL, CHRIS P","Won-General","Won","NONPARTISAN","Nonpartisan","SUPERINTENDENT OF PUBLIC INSTRUCTION",970,197425.65
3593135,"WILSON, DAVID J (DAVE)","Lost-Top Two Primary","Lost","INDEPENDENT","Third-Party","US HOUSE DISTRICT WA 005",59,194370.44
13007917,"GOODMAN, ROGER E","Won-General","Won","DEMOCRATIC","Democratic","HOUSE DISTRICT 045-POSITION 1",589,191586.75
17658732,"RIVERS, DONOVAN LAMONT (DON)","Lost-Top Two Primary","Lost","DEMOCRATIC","Democratic","US HOUSE DISTRICT WA 007",65,190726.79
40587959,"WYSS, JON","Lost-General","Lost","REPUBLICAN","Republican","SENATE DISTRICT 012",535,186441.93
2648695,"BILLIG, ANDREW S (ANDY)","Won-General","Won","DEMOCRATIC","Democratic","SENATE DISTRICT 003",463,185764.32
40587934,"YIN, PHILLIP","Lost-Top Two Primary","Lost","REPUBLICAN","Republican","LIEUTENANT GOVERNOR",287,182652.71
40587756,"KLOBA, SHELLEY","Won-General","Won","DEMOCRATIC","Democratic","HOUSE DISTRICT 001-POSITION 2",447,182011.83
13013773,"BECKER, RANDI L","Won-General","Won","REPUBLICAN","Republican","SENATE DISTRICT 002",350,179965.76
40485169,"MACRI, NICOLE","Won-General","Won","DEMOCRATIC","Democratic","HOUSE DISTRICT 043-POSITION 1",1090,177855.15
40587974,"WAITE, MICHAEL","Lost-General","Lost","REPUBLICAN","Republican","TREASURER",778,177513.11
13007765,"SAWYER, DAVID J","Won-General","Won","DEMOCRATIC","Democratic","HOUSE DISTRICT 029-POSITION 1",295,173412.95
40587907,"MCCARTHY, PAT (PATRICE)","Won-General","Won","DEMOCRATIC","Democratic","AUDITOR",537,168518.8
3607851,"ROLFES, CHRISTINE NASSER","Won-General","Won","DEMOCRATIC","Democratic","SENATE DISTRICT 023",599,166144.51
13007586,"HUDGINS, ZACHARY L (ZUCK)","Won-General","Won","DEMOCRATIC","Democratic","HOUSE DISTRICT 011-POSITION 1",471,164756.54
24616302,"RITCHIE, JASON","Lost-General","Lost","DEMOCRATIC","Democratic","HOUSE DISTRICT 005-POSITION 1",618,159790.87
2812703,"PEARSON, KIRK","Won-General","Won","REPUBLICAN","Republican","SENATE DISTRICT 039",378,156880.4
2918182,"MANWELLER, MATTHEW (MATT)","Won-General","Won","REPUBLICAN","Republican","HOUSE DISTRICT 013-POSITION 2",435,153572
2677782,"SPRINGER, LAWRENCE STANLEY","Won-General","Won","DEMOCRATIC","Democratic","HOUSE DISTRICT 045-POSITION 2",263,151104.74
13007910,"HARMSWORTH, MARK J","Won-General","Won","REPUBLICAN","Republican","HOUSE DISTRICT 044-POSITION 2",326,151102.67
11993652,"RANKER, KEVIN M","Won-General","Won","DEMOCRATIC","Democratic","SENATE DISTRICT 040",421,147127.76
24811997,"STOKESBARY, ANDREW R (DREW)","Won-General","Won","REPUBLICAN","Republican","HOUSE DISTRICT 031-POSITION 1",308,141945
40587966,"LARSON, DAVID A","Lost-General","Lost","NONPARTISAN","Nonpartisan","SUPREME COURT-006",628,141778.72
3089075,"TOPPER, ALISHIA","Lost-General","Lost","DEMOCRATIC","Democratic","HOUSE DISTRICT 049-POSITION 2",482,140268.82
6693401,"VICK, BRANDON","Won-General","Won","REPUBLICAN","Republican","HOUSE DISTRICT 018-POSITION 1",294,138273.68
2637802,"RICCELLI, MARCUS M","Won-General","Won","DEMOCRATIC","Democratic","HOUSE DISTRICT 003-POSITION 1",402,136188.5
2678541,"CLIBBORN, JUDITH R (JUDY)","Won-General","Won","DEMOCRATIC","Democratic","HOUSE DISTRICT 041-POSITION 2",284,133326
2911067,"STONIER, MONICA JURADO","Won-General","Won","DEMOCRATIC","Democratic","HOUSE DISTRICT 049-POSITION 2",606,128372.3
13007528,"ORMSBY, TIMM S","Won-General","Won","DEMOCRATIC","Democratic","HOUSE DISTRICT 003-POSITION 2",207,128209.99
40587924,"KREIDLER, MIKE","Won-General","Won","DEMOCRATIC","Democratic","INSURANCE COMMISSIONER",547,127615.54
40587970,"ZEMPEL, GREGORY (GREG)","Lost-General","Lost","NONPARTISAN","Nonpartisan","SUPREME COURT-005",499,127302.31
24811973,"STAMBAUGH, MELANIE","Won-General","Won","REPUBLICAN","Republican","HOUSE DISTRICT 025-POSITION 1",417,126860
2679622,"KAGI, RUTH L","Won-General","Won","DEMOCRATIC","Democratic","HOUSE DISTRICT 032-POSITION 2",426,126493.69
40587965,"DEWOLF, DAVID","Lost-General","Lost","NONPARTISAN","Nonpartisan","SUPREME COURT",476,125203.67
2627614,"PADDEN, MICHAEL J (MIKE)","Won-General","Won","REPUBLICAN","Republican","SENATE DISTRICT 004",256,124950
2843616,"SCHMICK, JOE S","Won-General","Won","REPUBLICAN","Republican","HOUSE DISTRICT 009-POSITION 2",337,122541.45
6460050,"BLAKE, BRIAN E","Won-General","Won","DEMOCRATIC","Democratic","HOUSE DISTRICT 019-POSITION 2",238,122400
6600629,"FORTUNATO, PHIL","Won-General","Won","REPUBLICAN","Republican","HOUSE DISTRICT 031-POSITION 2",305,121853.64
2945095,"TAKKO, DEAN A","Won-General","Won","DEMOCRATIC","Democratic","SENATE DISTRICT 019",223,120586.44
40587912,"PORTERFIELD, KAREN","Lost-Top Two Primary","Lost","DEMOCRATIC","Democratic","COMMISSIONER OF PUBLIC LANDS",141,120122.44
2630390,"MCCLENDON, MARTIN V (MARTY)","Lost-General","Lost","REPUBLICAN","Republican","LIEUTENANT GOVERNOR",376,119525.54
2757617,"KRETZ, JOEL","Won-General","Won","REPUBLICAN","Republican","HOUSE DISTRICT 007-POSITION 2",188,119081.26
40587764,"LANGSTON, JAMES E (JIM)","Lost-General","Lost","REPUBLICAN","Republican","HOUSE DISTRICT 001-POSITION 2",124,118951.97
13007837,"TARLETON, GAEL","Won-General","Won","DEMOCRATIC","Democratic","HOUSE DISTRICT 036-POSITION 2",356,118691.43
38441996,"CHAPMAN, MIKE","Won-General","Won","DEMOCRATIC","Democratic","HOUSE DISTRICT 024-POSITION 1",331,117950.27
13007666,"PIKE, LIZ","Won-General","Won","REPUBLICAN","Republican","HOUSE DISTRICT 018-POSITION 2",397,116558.17
13007534,"SHEA, MATT T","Won-General","Won","REPUBLICAN","Republican","HOUSE DISTRICT 004-POSITION 1",570,116266.67
40587765,"LARSON, MATT","Lost-Top Two Primary","Lost","DEMOCRATIC","Democratic","HOUSE DISTRICT 005-POSITION 2",199,114459.52
13007638,"HARRIS, PAUL L","Won-General","Won","REPUBLICAN","Republican","HOUSE DISTRICT 017-POSITION 2",204,113873.69
2934629,"THARINGER, STEPHEN P (STEVE)","Won-General","Won","DEMOCRATIC","Democratic","HOUSE DISTRICT 024-POSITION 2",289,113031.6
40587958,"WIRTH, MINDIE","Lost-General","Lost","REPUBLICAN","Republican","SENATE DISTRICT 001",247,112767.68
2899919,"MOELLER, JAMES C (JIM)","Lost-General","Lost","DEMOCRATIC","Democratic","US HOUSE DISTRICT WA 003",145,112575.05
2609336,"STANFORD, DEREK C","Won-General","Won","DEMOCRATIC","Democratic","HOUSE DISTRICT 001-POSITION 1",226,110743.66
2637687,"VEHRS, LYNNETTE","Lost-General","Lost","DEMOCRATIC","Democratic","HOUSE DISTRICT 006-POSITION 1",575,110562.19
2644787,"HASEGAWA, ROBERT A (BOB)","Won-General","Won","DEMOCRATIC","Democratic","SENATE DISTRICT 011",476,109726.35
8618794,"KIRBY, STEVEN T (STEVE)","Won-General","Won","DEMOCRATIC","Democratic","HOUSE DISTRICT 029-POSITION 2",246,108388.33
2844248,"SHORT, SHELLY A","Won-General","Won","REPUBLICAN","Republican","HOUSE DISTRICT 007-POSITION 1",198,107306.26
13007844,"PETTIGREW, ERIC","Won-General","Won","DEMOCRATIC","Democratic","HOUSE DISTRICT 037-POSITION 2",160,107304.74
13007872,"LYTTON, KRISTINE","Won-General","Won","DEMOCRATIC","Democratic","HOUSE DISTRICT 040-POSITION 1",201,106574.76
40587711,"CHATTERTON, MICHELLE","Lost-General","Lost","DEMOCRATIC","Democratic","HOUSE DISTRICT 025-POSITION 2",212,105210.35
3133466,"FITZGIBBON, JOSEPH C (JOE)","Won-General","Won","DEMOCRATIC","Democratic","HOUSE DISTRICT 034-POSITION 2",194,105103
2652396,"DOLAN, LAURIE","Won-General","Won","DEMOCRATIC","Democratic","HOUSE DISTRICT 022-POSITION 1",664,104685.06
6514642,"HANSEN, DREW D","Won-General","Won","DEMOCRATIC","Democratic","HOUSE DISTRICT 023-POSITION 2",280,104150.22
2719029,"JOHNSON, NORMAN M (NORM)","Won-General","Won","REPUBLICAN","Republican","HOUSE DISTRICT 014-POSITION 1",315,104087.33
3724281,"WALSH, MAUREEN S","Won-General","Won","REPUBLICAN","Republican","SENATE DISTRICT 016",164,103720
13007538,"RODNE, JAY R","Won-General","Won","REPUBLICAN","Republican","HOUSE DISTRICT 005-POSITION 1",199,103556
3961959,"JINKINS, LAURIE A","Won-General","Won","DEMOCRATIC","Democratic","HOUSE DISTRICT 027-POSITION 1",235,101744.66
40587759,"KOSTER, JOHN","Won-General","Won","REPUBLICAN","Republican","HOUSE DISTRICT 039-POSITION 2",377,99345.33
40587948,"PEDERSON, SUE KUEHL","Lost-General","Lost","INDEPENDENT REPUBLICAN","Third-Party","SENATE DISTRICT 019",73,98712.28
27407530,"BARKIS, ANDREW","Won-General","Won","REPUBLICAN","Republican","HOUSE DISTRICT 002-POSITION 1",316,98281.06
1768748,"VAN WERVEN, LUANNE","Won-General","Won","REPUBLICAN","Republican","HOUSE DISTRICT 042-POSITION 1",616,98107.53
3661059,"DEBOLT, RICHARD C","Won-General","Won","REPUBLICAN","Republican","HOUSE DISTRICT 020-POSITION 1",196,98008.41
2664263,"DOGLIO, BETH M","Won-General","Won","DEMOCRATIC","Democratic","HOUSE DISTRICT 022-POSITION 2",675,97846.75
6650921,"MURI, RICHARD (DICK)","Won-General","Won","REPUBLICAN","Republican","HOUSE DISTRICT 028-POSITION 1",578,97290.5
2653423,"MCBRIDE, JOAN LESLIE","Won-General","Won","DEMOCRATIC","Democratic","HOUSE DISTRICT 048-POSITION 2",289,96812.53
2667818,"HAYES, DAVID","Won-General","Won","REPUBLICAN","Republican","HOUSE DISTRICT 010-POSITION 2",371,96155.62
6681646,"BUYS, VINCENT K","Won-General","Won","REPUBLICAN","Republican","HOUSE DISTRICT 042-POSITION 2",342,95765.47
40587750,"JENKIN, WILLIAM (BILL)","Won-General","Won","REPUBLICAN","Republican","HOUSE DISTRICT 016-POSITION 1",56,94667.51
3361036,"CODY, EILEEN L","Won-General","Won","DEMOCRATIC","Democratic","HOUSE DISTRICT 034-POSITION 1",201,94621
2692481,"ROBINSON, JUNE GRUBE","Won-General","Won","DEMOCRATIC","Democratic","HOUSE DISTRICT 038-POSITION 1",291,94067.74
2849087,"MACEWEN, DREW C","Won-General","Won","REPUBLICAN","Republican","HOUSE DISTRICT 035-POSITION 2",292,91845
2725776,"NEALEY, TERRY R","Won-General","Won","REPUBLICAN","Republican","HOUSE DISTRICT 016-POSITION 2",252,91470
13007597,"CONDOTTA, CARY LAWRENCE","Won-General","Won","REPUBLICAN","Republican","HOUSE DISTRICT 012-POSITION 1",156,91084
13007753,"FEY, JACOB C (JAKE)","Won-General","Won","DEMOCRATIC","Democratic","HOUSE DISTRICT 027-POSITION 2",244,90839.52
13007819,"GRIFFEY, DANIEL (DAN)","Won-General","Won","REPUBLICAN","Republican","HOUSE DISTRICT 035-POSITION 1",327,90420.08
2605917,"HUNT, SAMUEL W (SAM)","Won-General","Won","DEMOCRATIC","Democratic","SENATE DISTRICT 022",370,88516
6650972,"SMITH, NORMA C","Won-General","Won","REPUBLICAN","Republican","HOUSE DISTRICT 010-POSITION 1",398,87841.88
3822645,"MCDONALD, JOYCE","Won-General","Won","REPUBLICAN","Republican","HOUSE DISTRICT 025-POSITION 2",244,86645
24812028,"SENN, TANA","Won-General","Won","DEMOCRATIC","Democratic","HOUSE DISTRICT 041-POSITION 1",295,86632.1
2763443,"ORCUTT, ED","Won-General","Won","REPUBLICAN","Republican","HOUSE DISTRICT 020-POSITION 2",220,86547.44
40587818,"VALDERRAMA, RAMIRO","Lost-General","Lost","REPUBLICAN","Republican","HOUSE DISTRICT 045-POSITION 1",441,85447.47
3016955,"APPLETON, SHERRY","Won-General","Won","DEMOCRATIC","Democratic","HOUSE DISTRICT 023-POSITION 1",347,85035
3088542,"DENT, THOMAS E (TOM)","Won-General","Won","REPUBLICAN","Republican","HOUSE DISTRICT 013-POSITION 1",303,81710.28
6560743,"MADSEN, BARBARA A","Won-General","Won","NONPARTISAN","Nonpartisan","SUPREME COURT-005",306,81644.61
3543752,"KUDERER, PATTY","Won-General","Won","DEMOCRATIC","Democratic","HOUSE DISTRICT 048-POSITION 1",327,78686.94
40587954,"TURISSINI, DANILLE","Lost-General","Lost","INDEPENDENT REPUBLICAN","Third-Party","SENATE DISTRICT 024",228,77153.53
3086496,"WYLIE, SHARON L","Won-General","Won","DEMOCRATIC","Democratic","HOUSE DISTRICT 049-POSITION 1",259,76133
2753019,"FARRELL, JESSYN S","Won-General","Won","DEMOCRATIC","Democratic","HOUSE DISTRICT 046-POSITION 2",318,75380
24812003,"GREGERSON, MIA SU-LING","Won-General","Won","DEMOCRATIC","Democratic","HOUSE DISTRICT 033-POSITION 2",238,75342.36
2633383,"DIDIER, CLINT","Lost-General","Lost","REPUBLICAN","Republican","US HOUSE DISTRICT WA 004",101,75031.99
2696556,"APPLEBY, MICHAEL A","Lost-General","Lost","REPUBLICAN","Republican","HOUSE DISTRICT 041-POSITION 2",122,73358.96
40587805,"SPITZER, RANDY","Lost-General","Lost","INDEPENDENT DEMOCRATIC","Third-Party","HOUSE DISTRICT 026-POSITION 2",552,73043.79
2649894,"HALER, LARRY","Won-General","Won","REPUBLICAN","Republican","HOUSE DISTRICT 008-POSITION 2",188,72520
22032024,"ROSSETTI, JD","Lost-Top Two Primary","Lost","DEMOCRATIC","Democratic","HOUSE DISTRICT 019-POSITION 1",192,72166.05
2688706,"COMERFORD, JOHN PAUL","Lost-Top Two Primary","Lost","DEMOCRATIC","Democratic","TREASURER",111,71433.84
24811938,"MCCABE, GINA R","Won-General","Won","REPUBLICAN","Republican","HOUSE DISTRICT 014-POSITION 2",203,70429.33
2679886,"FRAME, NOEL CHRISTINA","Won-General","Won","DEMOCRATIC","Democratic","HOUSE DISTRICT 036-POSITION 1",494,70275.99
3118282,"MORRIS, JEFFREY R (JEFF)","Won-General","Won","DEMOCRATIC","Democratic","HOUSE DISTRICT 040-POSITION 2",138,69060
40587767,"LICHTY, SHARLENE (SHAR)","Lost-General","Lost","DEMOCRATIC","Democratic","HOUSE DISTRICT 006-POSITION 2",419,67816.89
2688160,"DAVIDSON, DUANE","Won-General","Won","REPUBLICAN","Republican","TREASURER",295,67249.62
40587732,"FIELD, IAN","Lost-Top Two Primary","Lost","REPUBLICAN","Republican","HOUSE DISTRICT 006-POSITION 1",346,65251.32
40587821,"VOLZ, MIKE","Won-General","Won","REPUBLICAN","Republican","HOUSE DISTRICT 006-POSITION 1",186,64530
22032011,"FLEMING, ROBIN","Lost-Top Two Primary","Lost","NONPARTISAN","Nonpartisan","SUPERINTENDENT OF PUBLIC INSTRUCTION",239,64153.41
13007807,"ORWALL, TINA L","Won-General","Won","DEMOCRATIC","Democratic","HOUSE DISTRICT 033-POSITION 1",222,63372.45
2704563,"FEARING, GEORGE B","Won-General","Won","NONPARTISAN","Nonpartisan","APPELLATE COURT DISTRICT DIVISION III 002",137,63350.4
40587717,"COURTNEY, MARCUS","Lost-Top Two Primary","Lost","DEMOCRATIC","Democratic","HOUSE DISTRICT 043-POSITION 1",369,60854.68
13007595,"BERGQUIST, STEVEN A (STEVE)","Won-General","Won","DEMOCRATIC","Democratic","HOUSE DISTRICT 011-POSITION 2",177,60299.87
1402789,"SANTOS, SHARON TOMIKO","Won-General","Won","DEMOCRATIC","Democratic","HOUSE DISTRICT 037-POSITION 1",188,60284.4
24811960,"ORTIZ-SELF, LILLIAN","Won-General","Won","DEMOCRATIC","Democratic","HOUSE DISTRICT 021-POSITION 2",205,58463
2827245,"DARNEILLE, JEANNIE L","Won-General","Won","DEMOCRATIC","Democratic","SENATE DISTRICT 027",159,58050.02
2657858,"DYE, MARY L","Won-General","Won","REPUBLICAN","Republican","HOUSE DISTRICT 009-POSITION 1",164,56730
40587762,"LACLAIR, SHARLAINE","Lost-General","Lost","DEMOCRATIC","Democratic","HOUSE DISTRICT 042-POSITION 1",318,56657
2692475,"PETERSON, STROM H","Won-General","Won","DEMOCRATIC","Democratic","HOUSE DISTRICT 021-POSITION 1",171,55283
21265979,"HOFFMAN, AMY PIVETTA","Lost-General","Lost","INDEPENDENT DEMOCRATIC","Third-Party","HOUSE DISTRICT 002-POSITION 1",179,54716.95
3591632,"HOLY, JEFFREY M (JEFF)","Won-General","Won","REPUBLICAN","Republican","HOUSE DISTRICT 006-POSITION 2",99,53565
13007799,"RYU, CINDY SINHIKIM","Won-General","Won","DEMOCRATIC","Democratic","HOUSE DISTRICT 032-POSITION 1",143,53544.08
3420385,"SELLS, MICHAEL S (MIKE)","Won-General","Won","DEMOCRATIC","Democratic","HOUSE DISTRICT 038-POSITION 2",96,53139
13007939,"HARGROVE, MARK D","Won-General","Won","REPUBLICAN","Republican","HOUSE DISTRICT 047-POSITION 1",192,49681.96
40587803,"SMITH, JAMIE","Lost-General","Lost","DEMOCRATIC","Democratic","HOUSE DISTRICT 025-POSITION 1",281,49639.4
40587927,"FIGUEROA, JAVIER H","Lost-Top Two Primary","Lost","REPUBLICAN","Republican","LIEUTENANT GOVERNOR",143,47208
2722249,"GILLESPIE, KATHY","Lost-General","Lost","INDEPENDENT DEMOCRATIC","Third-Party","HOUSE DISTRICT 018-POSITION 2",304,43137
2809440,"POLLET, GERALD M (GERRY)","Won-General","Won","DEMOCRATIC","Democratic","HOUSE DISTRICT 046-POSITION 1",203,41460
40587675,"MCBURNEY JR, PATRICK D","Lost-General","Lost","NONPARTISAN","Nonpartisan","APPELLATE COURT DISTRICT DIVISION III 002",82,40266.66
40587780,"PAINE, JERRY","Lost-General","Lost","REPUBLICAN","Republican","HOUSE DISTRICT 012-POSITION 2",90,39159.25
24812052,"KNOWLES, BARRY","Lost-General","Lost","REPUBLICAN","Republican","HOUSE DISTRICT 047-POSITION 2",214,39155.17
40587819,"VALENTINE, BROOKE","Lost-General","Lost","DEMOCRATIC","Democratic","HOUSE DISTRICT 047-POSITION 1",164,38585.75
40587792,"RANADE, SAMEER","Lost-Top Two Primary","Lost","DEMOCRATIC","Democratic","HOUSE DISTRICT 043-POSITION 1",436,37499.68
40587802,"SIMMONS, STEVE","Lost-General","Lost","REPUBLICAN","Republican","HOUSE DISTRICT 008-POSITION 2",113,36981.47
40587814,"THOMAS, RICK","Lost-General","Lost","INDEPENDENT REPUBLICAN","Third-Party","HOUSE DISTRICT 029-POSITION 1",228,35948.5
40587793,"RAUNIYAR, DARSHAN","Lost-Top Two Primary","Lost","DEMOCRATIC","Democratic","HOUSE DISTRICT 001-POSITION 2",166,35491.24
24811871,"SUTHERLAND, ROBERT J","Lost-General","Lost","REPUBLICAN","Republican","US HOUSE DISTRICT WA 001",53,34792.5
40587915,"VERNER, MARY","Lost-Top Two Primary","Lost","DEMOCRATIC","Democratic","COMMISSIONER OF PUBLIC LANDS",199,34181.34
3098245,"KLIPPERT, BRADLEY A (BRAD)","Won-General","Won","REPUBLICAN","Republican","HOUSE DISTRICT 008-POSITION 1",91,33059.99
38443117,"MCDEVITT, DAVID","Lost-Top Two Primary","Lost","DEMOCRATIC","Democratic","US HOUSE DISTRICT WA 003",75,33052.85
2663041,"BASLER, DOUG","Lost-General","Lost","REPUBLICAN","Republican","US HOUSE DISTRICT WA 009",63,32671.55
40588006,"VENTRELLA, TONY","Lost-General","Lost","DEMOCRATIC","Democratic","US HOUSE DISTRICT WA 008",36,32634.9
40587999,"RAMOS, SANTIAGO","Lost-Top Two Primary","Lost","DEMOCRATIC","Democratic","US HOUSE DISTRICT WA 008",40,31422.45
40587807,"STEELE, MIKE","Won-General","Won","REPUBLICAN","Republican","HOUSE DISTRICT 012-POSITION 2",193,30526.96
24811886,"MCCASLIN JR, BOB","Won-General","Won","REPUBLICAN","Republican","HOUSE DISTRICT 004-POSITION 2",76,30081
40587773,"METCALF, RONDA","Lost-General","Lost","DEMOCRATIC","Democratic","HOUSE DISTRICT 039-POSITION 2",105,29425
15639497,"FISKEN, ALEC","Lost-Top Two Primary","Lost","DEMOCRATIC","Democratic","TREASURER",49,28970.93
2769729,"WAGEMANN, JOHN PAUL","Lost-General","Lost","REPUBLICAN","Republican","HOUSE DISTRICT 028-POSITION 2",64,27448
40587796,"RUDE, SKYLER","Lost-Top Two Primary","Lost","REPUBLICAN","Republican","HOUSE DISTRICT 016-POSITION 1",139,27444.2
40587753,"KEARBY, DAVE","Lost-Top Two Primary","Lost","REPUBLICAN","Republican","HOUSE DISTRICT 015-POSITION 2",60,27337.72
6681684,"TAYLOR, DAVID V","Won-General","Won","REPUBLICAN","Republican","HOUSE DISTRICT 015-POSITION 2",76,27285
40588001,"SKOLD, ALIDA","Lost-Top Two Primary","Lost","DEMOCRATIC","Democratic","US HOUSE DISTRICT WA 008",5,26300
40587828,"WINKLER, MICHAEL","Lost-Top Two Primary","Lost","REPUBLICAN","Republican","HOUSE DISTRICT 028-POSITION 2",184,25732.67
15894861,"MECKLENBURG, KARL","Lost-General","Lost","DEMOCRATIC","Democratic","SENATE DISTRICT 025",106,25682.01
3361059,"STRUB, RHENDA IRIS","Lost-Top Two Primary","Lost","DEMOCRATIC","Democratic","HOUSE DISTRICT 022-POSITION 1",99,24246.29
2637409,"CARLYLE, REUVEN M","Won-General","Won","DEMOCRATIC","Democratic","SENATE DISTRICT 036",41,23541
2651640,"VAN DE WEGE, KEVIN","Won-General","Won","DEMOCRATIC","Democratic","SENATE DISTRICT 024",47,22568.43
2688212,"JANSONS, RICHARD S (RICK)","Lost-General","Lost","REPUBLICAN","Republican","HOUSE DISTRICT 008-POSITION 1",39,22555.44
2847051,"FRANCIK, REBECCA","Lost-General","Lost","DEMOCRATIC","Democratic","HOUSE DISTRICT 016-POSITION 1",120,22518.79
40587708,"BYRNES, LORETTA","Lost-General","Lost","REPUBLICAN","Republican","HOUSE DISTRICT 023-POSITION 1",207,21937.41
40587944,"HOLT, ERIC K","Lost-General","Lost","DEMOCRATIC","Democratic","SENATE DISTRICT 018",119,20139.02
40304151,"MAHER, DANIEL G (DAN)","Lost-General","Lost","DEMOCRATIC","Democratic","HOUSE DISTRICT 012-POSITION 1",82,18815.37
2968372,"RASMUSSEN, MARILYN","Lost-General","Lost","DEMOCRATIC","Democratic","SENATE DISTRICT 002",36,18653.8
27934854,"ORANGE, DON","Lost-Top Two Primary","Lost","DEMOCRATIC","Democratic","HOUSE DISTRICT 017-POSITION 1",88,18011.29
40587704,"BREVOORT, DORIS","Lost-General","Lost","DEMOCRATIC","Democratic","HOUSE DISTRICT 010-POSITION 2",165,16369.7
24811963,"SCHERRER, JEFF","Lost-General","Lost","REPUBLICAN","Republican","HOUSE DISTRICT 021-POSITION 2",92,15676
13007510,"MOSCOSO, LUIS S","Lost-Top Two Primary","Lost","DEMOCRATIC","Democratic","SENATE DISTRICT 001",26,15133.22
40587747,"IRWIN, MORGAN","Lost-Top Two Primary","Lost","REPUBLICAN","Republican","HOUSE DISTRICT 031-POSITION 2",27,14737.94
2815612,"PETRISH, NICK","Lost-Top Two Primary","Lost","DEMOCRATIC","Democratic","SENATE DISTRICT 010",110,14526
40587752,"JOHNSON, KAREN","Lost-Top Two Primary","Lost","DEMOCRATIC","Democratic","HOUSE DISTRICT 022-POSITION 1",90,13879.82
40587815,"TINNEY, VAL (HALLECK)","Lost-Top Two Primary","Lost","REPUBLICAN","Republican","HOUSE DISTRICT 019-POSITION 1",101,13756.1
2631190,"SEAQUIST, LARRY R","Lost-General","Lost","INDEPENDENT DEMOCRATIC","Third-Party","HOUSE DISTRICT 026-POSITION 1",62,13443.57
40587993,"MARX, ANGELA (ANGIE)","Lost-Top Two Primary","Lost","DEMOCRATIC","Democratic","US HOUSE DISTRICT WA 003",46,13285.57
2939240,"OLIVER, JERRY","Lost-Top Two Primary","Lost","REPUBLICAN","Republican","HOUSE DISTRICT 017-POSITION 1",38,13221.55
40307236,"GOULET, JENNIFER","Lost-General","Lost","DEMOCRATIC","Democratic","HOUSE DISTRICT 009-POSITION 1",144,12650.93
40587718,"DARNELL, MICHELLE","Lost-General","Lost","LIBERTARIAN","Third-Party","HOUSE DISTRICT 048-POSITION 1",110,12432.71
11757132,"SUTINEN, TIM","Lost-Top Two Primary","Lost","DEMOCRATIC","Democratic","HOUSE DISTRICT 019-POSITION 1",8,12165.7
40587694,"ALGER, JOHN D","Lost-General","Lost","REPUBLICAN","Republican","HOUSE DISTRICT 024-POSITION 2",85,12041.26
26633365,"DOWNING, GARY","Lost-General","Lost","DEMOCRATIC","Democratic","HOUSE DISTRICT 016-POSITION 2",70,11893
40587938,"BORRELLI, TAMBORINE","Lost-Top Two Primary","Lost","DEMOCRATIC","Democratic","SENATE DISTRICT 002",89,11848
40587703,"BOWMAN, SHANE A","Lost-Top Two Primary","Lost","REPUBLICAN","Republican","HOUSE DISTRICT 018-POSITION 2",34,11525
40588009,"WINEBERRY, JESSE","Lost-Top Two Primary","Lost","DEMOCRATIC","Democratic","US HOUSE DISTRICT WA 009",8,11500
2692199,"WRIGHT, KYOKO MATSUMOTO","Lost-Top Two Primary","Lost","DEMOCRATIC","Democratic","HOUSE DISTRICT 001-POSITION 2",77,11498.73
17658555,"FERGUSON, JENNIFER GIGI","Lost-Top Two Primary","Lost","DEMOCRATIC","Democratic","US HOUSE DISTRICT WA 010",63,11495.04
40587713,"CHRISTENSEN, GARN G","Lost-Top Two Primary","Lost","REPUBLICAN","Republican","HOUSE DISTRICT 012-POSITION 2",28,11440.65
13007860,"WRIGHT, LINDA","Lost-General","Lost","DEMOCRATIC","Democratic","HOUSE DISTRICT 039-POSITION 1",32,11412.2
40587687,"NAZARINO, SCOTT","Lost-Top Two Primary","Lost","REPUBLICAN","Republican","US SENATE DISTRICT WA SW-CLASS III",75,11175.43
40587679,"CORNELL, PHILIP L","Lost-Top Two Primary","Lost","DEMOCRATIC","Democratic","US SENATE DISTRICT WA SW-CLASS III",16,10007.62
40587787,"POLLOCK, PAMELA","Lost-General","Lost","REPUBLICAN","Republican","HOUSE DISTRICT 033-POSITION 2",63,9849.74
24811904,"HORNE, TOM","Lost-Top Two Primary","Lost","REPUBLICAN","Republican","US HOUSE DISTRICT WA 005",32,9597.95
40587961,"HIGGINS, RON","Lost-Top Two Primary","Lost","NONPARTISAN","Nonpartisan","SUPERINTENDENT OF PUBLIC INSTRUCTION",25,9424.47
40587786,"PILLOUD, ANDREW","Lost-General","Lost","REPUBLICAN","Republican","HOUSE DISTRICT 034-POSITION 2",44,9014.81
40587808,"STONE, DANNY","Lost-Top Two Primary","Lost","REPUBLICAN","Republican","HOUSE DISTRICT 012-POSITION 2",59,8795
38259484,"SIMONSON, BRYAN","Lost-Top Two Primary","Lost","LIBERTARIAN","Third-Party","SENATE DISTRICT 041",13,8417.08
19175222,"RICHARDS, AMANDA","Lost-General","Lost","INDEPENDENT REPUBLICAN","Third-Party","SENATE DISTRICT 014",59,8115.27
40587982,"COVERDALE, MIKE","Lost-Top Two Primary","Lost","NO PARTY PREFERENCE","Third-Party","US HOUSE DISTRICT WA 006",6,8054.23
40587763,"LAMONT, JACOB","Lost-Top Two Primary","Lost","LIBERTARIAN","Third-Party","HOUSE DISTRICT 042-POSITION 1",16,7768.25
40587738,"GARCIA, JESSICA","Lost-General","Lost","REPUBLICAN","Republican","HOUSE DISTRICT 029-POSITION 2",40,7717.82
2880655,"LIIAS, MARKO S","Lost-Top Two Primary","Lost","DEMOCRATIC","Democratic","TREASURER",17,7580
13007633,"EDWARDS, MARY RUTH","Lost-Top Two Primary","Lost","REPUBLICAN","Republican","HOUSE DISTRICT 016-POSITION 1",53,7289
40587725,"DURST, BRANDEN","Lost-Top Two Primary","Lost","DEMOCRATIC","Democratic","HOUSE DISTRICT 029-POSITION 1",28,7200
40587774,"MONROY, PABLO","Lost-Top Two Primary","Lost","REPUBLICAN","Republican","HOUSE DISTRICT 031-POSITION 2",69,6963.25
40587788,"POMRANING, ALLEN","Lost-Top Two Primary","Lost","REPUBLICAN","Republican","HOUSE DISTRICT 016-POSITION 1",25,6804
40337324,"GERHARDT, LEWIS","Lost-General","Lost","REPUBLICAN","Republican","SENATE DISTRICT 049",45,6739.02
2662548,"ABOUDARA, ERIN L SMITH","Lost-General","Lost","REPUBLICAN","Republican","HOUSE DISTRICT 011-POSITION 1",43,6567.76
22051531,"KARLBERG, DOUG","Lost-Top Two Primary","Lost","NO PARTY PREFERENCE","Third-Party","HOUSE DISTRICT 042-POSITION 1",36,6489.43
40587714,"COOPER, ANGELA J (AJ)","Lost-General","Lost","DEMOCRATIC","Democratic","HOUSE DISTRICT 015-POSITION 2",68,6418.37
2835861,"CRAIN, CAROLYN","Lost-Top Two Primary","Lost","REPUBLICAN","Republican","HOUSE DISTRICT 049-POSITION 2",38,6326.29
40587728,"EDWARDS, FRANKLIN","Lost-Top Two Primary","Lost","DEMOCRATIC","Democratic","HOUSE DISTRICT 022-POSITION 1",13,6012
40587782,"PASS, JOHN","Lost-General","Lost","REPUBLICAN","Republican","HOUSE DISTRICT 041-POSITION 1",41,5834.42
40587820,"VISKOVICH, STEPHANIE HEART","Lost-General","Lost","LIBERTARIAN","Third-Party","HOUSE DISTRICT 046-POSITION 1",26,5289.14
40587791,"RAMSAY, TAMMY","Lost-Top Two Primary","Lost","DEMOCRATIC","Democratic","HOUSE DISTRICT 024-POSITION 1",49,4682
40587905,"TRUMBULL, JOSHUA B","Lost-General","Lost","LIBERTARIAN","Third-Party","ATTORNEY GENERAL",21,4663.91
40587777,"OBERG, JUSTIN","Lost-General","Lost","DEMOCRATIC","Democratic","HOUSE DISTRICT 018-POSITION 1",87,4584.44
22030683,"COLWELL, RICHARD","Lost-Top Two Primary","Lost","REPUBLICAN","Republican","HOUSE DISTRICT 017-POSITION 2",10,4483.32
40587813,"THANNISCH, NEIL","Lost-General","Lost","REPUBLICAN","Republican","HOUSE DISTRICT 001-POSITION 1",19,4451
40587822,"VRABLE, GEORGE","Lost-General","Lost","REPUBLICAN","Republican","HOUSE DISTRICT 024-POSITION 1",12,4320.56
40587710,"CARROLL, JACK","Lost-Top Two Primary","Lost","DEMOCRATIC","Democratic","HOUSE DISTRICT 023-POSITION 1",8,3950
3133030,"HAWKINS, BRAD M","Won-General","Won","REPUBLICAN","Republican","SENATE DISTRICT 012",7,3950
40587696,"ATWOOD, TRACY","Lost-General","Lost","DEMOCRATIC","Democratic","HOUSE DISTRICT 042-POSITION 2",32,3798.86
3420002,"SCHROCK, RICHARD T","Lost-General","Lost","REPUBLICAN","Republican","INSURANCE COMMISSIONER",8,3729.25
40587680,"CUMMINGS, TED","Lost-Top Two Primary","Lost","INDEPENDENT","Third-Party","US SENATE DISTRICT WA SW-CLASS III",8,3654.17
40587932,"PENOR, BILL","Lost-Top Two Primary","Lost","REPUBLICAN","Republican","LIEUTENANT GOVERNOR",4,3600
22064900,"PALMER, SUSAN SOTO","Lost-General","Lost","DEMOCRATIC","Democratic","HOUSE DISTRICT 014-POSITION 1",56,3449.78
40338980,"ADDIS, PAUL","Lost-Top Two Primary","Lost","LIBERTARIAN","Third-Party","LIEUTENANT GOVERNOR",28,3341.26
40587923,"RUBENSTEIN, STEVE","Lost-Top Two Primary","Lost","INDEPENDENT","Third-Party","GOVERNOR",2,3305.67
19895282,"SCHIRLE, DAVID D","Lost-General","Lost","REPUBLICAN","Republican","HOUSE DISTRICT 032-POSITION 2",34,3262
40587911,"NIELSON, STEVEN M","Lost-Top Two Primary","Lost","LIBERTARIAN","Third-Party","COMMISSIONER OF PUBLIC LANDS",32,3045.04
40587826,"WEBB, JORDAN","Lost-General","Lost","DEMOCRATIC","Democratic","HOUSE DISTRICT 013-POSITION 2",22,2732
40587709,"CANTY, SAMUEL","Lost-Top Two Primary","Lost","REPUBLICAN","Republican","HOUSE DISTRICT 006-POSITION 1",13,2565
40587778,"OHAGAN, JIMI","Lost-General","Lost","REPUBLICAN","Republican","HOUSE DISTRICT 019-POSITION 2",14,2476.43
40587734,"FOSTER, MIKE","Lost-General","Lost","LIBERTARIAN","Third-Party","HOUSE DISTRICT 007-POSITION 2",5,2474.74
40587737,"FROSTAD, JOHN","Lost-General","Lost","LIBERTARIAN","Third-Party","HOUSE DISTRICT 031-POSITION 1",21,2392.33
40587748,"IRWIN, WESLEY","Lost-Top Two Primary","Lost","DEMOCRATIC","Democratic","HOUSE DISTRICT 032-POSITION 2",9,2340
24811924,"SCOTT, MICHAEL","Lost-General","Lost","LIBERTARIAN","Third-Party","HOUSE DISTRICT 010-POSITION 1",9,2232.67
40587953,"TAYLOR, GREG","Lost-General","Lost","REPUBLICAN","Republican","SENATE DISTRICT 027",16,2219.54
2767453,"KELLER, CRAIG","Lost-Top Two Primary","Lost","REPUBLICAN","Republican","US HOUSE DISTRICT WA 007",14,2078.92
40587695,"ANDERSON, LISA","Lost-Top Two Primary","Lost","INDEPENDENT DEMOCRATIC","Third-Party","HOUSE DISTRICT 018-POSITION 1",1,2000
40587769,"MATIAS, ALEC","Lost-Top Two Primary","Lost","DEMOCRATIC","Democratic","HOUSE DISTRICT 026-POSITION 1",21,1952.5
40587964,"RUNTE, AL","Lost-Top Two Primary","Lost","NONPARTISAN","Nonpartisan","SUPERINTENDENT OF PUBLIC INSTRUCTION",12,1860.13
13007545,"SPRING, DAVID","Lost-Top Two Primary","Lost","NONPARTISAN","Nonpartisan","SUPERINTENDENT OF PUBLIC INSTRUCTION",12,1815
40587697,"AUSTIN, DONALD","Lost-General","Lost","REPUBLICAN","Republican","HOUSE DISTRICT 022-POSITION 1",7,1528.36
24811911,"APKER, JAMES R","Lost-General","Lost","LIBERTARIAN","Third-Party","SENATE DISTRICT 003",15,1489
40587795,"ROEMER, HAILEY","Lost-Top Two Primary","Lost","REPUBLICAN","Republican","HOUSE DISTRICT 009-POSITION 1",11,1435.24
40587736,"FRISINA, ROB","Lost-Top Two Primary","Lost","DEMOCRATIC","Democratic","HOUSE DISTRICT 017-POSITION 1",32,1417.88
40587730,"ESPINOZA, RICARDO","Lost-Top Two Primary","Lost","REPUBLICAN","Republican","HOUSE DISTRICT 016-POSITION 2",3,1400
40587936,"TURNER, TIM","Lost-Top Two Primary","Lost","LIBERTARIAN","Third-Party","SECRETARY OF STATE",14,1323.93
40587811,"STUCKER, SCOTT V","Lost-General","Lost","DEMOCRATIC","Democratic","HOUSE DISTRICT 004-POSITION 1",7,1304.75
40587946,"OWENS, STEVE","Lost-General","Lost","NO PARTY PREFERENCE","Third-Party","SENATE DISTRICT 022",6,1177.69
24811880,"MCGLENN II, RANDY","Lost-General","Lost","LIBERTARIAN","Third-Party","HOUSE DISTRICT 003-POSITION 1",13,1160.34
40587723,"DOWNES, NATHANIEL","Lost-Top Two Primary","Lost","DEMOCRATIC","Democratic","HOUSE DISTRICT 002-POSITION 2",9,994.33
36819947,"FERGUSON, APRIL","Lost-Top Two Primary","Lost","REPUBLICAN","Republican","HOUSE DISTRICT 023-POSITION 1",17,987
40587978,"BLOOM, TODD A","Lost-General","Lost","REPUBLICAN","Republican","US HOUSE DISTRICT WA 006",3,639
6493707,"LEE, ERIK","Lost-Top Two Primary","Lost","DEMOCRATIC","Democratic","SENATE DISTRICT 022",10,632
40587742,"HART, ALEX","Lost-Top Two Primary","Lost","LIBERTARIAN","Third-Party","HOUSE DISTRICT 032-POSITION 2",1,460
40587772,"MCLAREN, WADE","Lost-Top Two Primary","Lost","REPUBLICAN","Republican","HOUSE DISTRICT 049-POSITION 2",7,444
40587770,"MAYNES, DEREK","Lost-General","Lost","DEMOCRATIC","Democratic","HOUSE DISTRICT 002-POSITION 2",4,405
40587925,"MURTA, JUSTIN","Lost-Top Two Primary","Lost","LIBERTARIAN","Third-Party","INSURANCE COMMISSIONER",2,400
6671290,"TRAVIS, BRIAN M","Lost-Top Two Primary","Lost","REPUBLICAN","Republican","HOUSE DISTRICT 001-POSITION 1",5,286
40587692,"ADAMS, JOHN (ERIC)","Lost-General","Lost","DEMOCRATIC","Democratic","HOUSE DISTRICT 014-POSITION 2",3,240
40587727,"EDDY, JOHN","Lost-Top Two Primary","Lost","NO PARTY PREFERENCE","Third-Party","HOUSE DISTRICT 043-POSITION 1",1,170
40587693,"AGYEKUM, WILBERFORCE","Lost-Top Two Primary","Lost","NO PARTY PREFERENCE","Third-Party","HOUSE DISTRICT 044-POSITION 1",1,100
40587906,"GOLDEN, DAVID","Lost-Top Two Primary","Lost","NO PARTY PREFERENCE","Third-Party","AUDITOR",1,50
40587937,"BALDWIN, SPENCER","Lost-Top Two Primary","Lost","DEMOCRATIC","Democratic","SENATE DISTRICT 022",1,25
13009984,"DWYER, STEPHEN J","Won-General","Won","NONPARTISAN","Nonpartisan","APPELLATE COURT DISTRICT DIVISION I 002",0,0
13009985,"JOHANSON, JILL M","Won-General","Won","NONPARTISAN","Nonpartisan","APPELLATE COURT DISTRICT DIVISION II 003-002",0,0
24812067,"MAXA, BRADLEY A (BRAD)","Won-General","Won","NONPARTISAN","Nonpartisan","APPELLATE COURT DISTRICT DIVISION II 001",0,0
3051984,"PENNELL, REBECCA","Won-General","Won","NONPARTISAN","Nonpartisan","APPELLATE COURT DISTRICT DIVISION III 003",0,0
16674338,"TRICKEY, MICHAEL J","Won-General","Won","NONPARTISAN","Nonpartisan","APPELLATE COURT DISTRICT DIVISION I 001",0,0
40587677,"AMUNDSON, THOR","Lost-Top Two Primary","Lost","DEMOCRATIC","Democratic","US SENATE DISTRICT WA SW-CLASS III",0,0
40587678,"CHURCHILL, PANO","Lost-Top Two Primary","Lost","LINCOLN CAUCUS","Third-Party","US SENATE DISTRICT WA SW-CLASS III",0,0
40587681,"HALLER, ZACH","Lost-Top Two Primary","Lost","INDEPENDENT","Third-Party","US SENATE DISTRICT WA SW-CLASS III",0,0
40587682,"JACKSON, CHUCK","Lost-Top Two Primary","Lost","INDEPENDENT","Third-Party","US SENATE DISTRICT WA SW-CLASS III",0,0
40587683,"LANDS, DONNA RAE","Lost-Top Two Primary","Lost","CONSERVATIVE","Third-Party","US SENATE DISTRICT WA SW-CLASS III",0,0
40587684,"LUKE, MIKE","Lost-Top Two Primary","Lost","LIBERTARIAN","Third-Party","US SENATE DISTRICT WA SW-CLASS III",0,0
40587685,"MAKUS, ERIC JOHN","Lost-Top Two Primary","Lost","REPUBLICAN","Republican","US SENATE DISTRICT WA SW-CLASS III",0,0
40587686,"MOVER, UNCLE","Lost-Top Two Primary","Lost","REPUBLICAN","Republican","US SENATE DISTRICT WA SW-CLASS III",0,0
2912243,"SAID, MOHAMMAD HASAN","Lost-Top Two Primary","Lost","DEMOCRATIC","Democratic","US SENATE DISTRICT WA SW-CLASS III",0,0
40587688,"TEUTON, JEREMY","Lost-Top Two Primary","Lost","SYSTEM REBOOT","Third-Party","US SENATE DISTRICT WA SW-CLASS III",0,0
40587689,"TSIMERMAN, ALEX","Lost-Top Two Primary","Lost","STANDUPAMERICA","Third-Party","US SENATE DISTRICT WA SW-CLASS III",0,0
13010857,"WRIGHT, SAM","Lost-Top Two Primary","Lost","HUMAN RIGHTS","Third-Party","US SENATE DISTRICT WA SW-CLASS III",0,0
40587700,"BECK, KAITLYN","Lost-General","Lost","DEMOCRATIC","Democratic","HOUSE DISTRICT 049-POSITION 1",0,0
40587705,"BROWN, ILANA","Lost-Top Two Primary","Lost","DEMOCRATIC","Democratic","HOUSE DISTRICT 018-POSITION 2",0,0
40587707,"BURNS, JERRY","Lost-Top Two Primary","Lost","LIBERTARIAN","Third-Party","HOUSE DISTRICT 042-POSITION 2",0,0
2627271,"CARDER, LAURA D","Lost-General","Lost","REPUBLICAN","Republican","HOUSE DISTRICT 003-POSITION 2",0,0
2633819,"CHANDLER, BRUCE O","Won-General","Won","REPUBLICAN","Republican","HOUSE DISTRICT 015-POSITION 1",0,0
40587715,"COOPER, RYAN KNIGHT","Lost-Top Two Primary","Lost","LIBERTARIAN","Third-Party","HOUSE DISTRICT 008-POSITION 1",0,0
24811881,"DELANEY, PAUL","Lost-Top Two Primary","Lost","LIBERTARIAN","Third-Party","HOUSE DISTRICT 003-POSITION 2",0,0
24812016,"DICKINSON, JOHN","Lost-General","Lost","NO PARTY PREFERENCE","Third-Party","HOUSE DISTRICT 037-POSITION 1",0,0
40587720,"DICKSON, DALE","Lost-Top Two Primary","Lost","INDEPENDENT","Third-Party","HOUSE DISTRICT 042-POSITION 2",0,0
40587724,"DRISCOLL, SHANE","Lost-Top Two Primary","Lost","LIBERTARIAN","Third-Party","HOUSE DISTRICT 039-POSITION 2",0,0
22072064,"EGAN, JOSHUA","Lost-Top Two Primary","Lost","DEMOCRATIC","Democratic","HOUSE DISTRICT 017-POSITION 1",0,0
40587729,"ENDRESON, CHASE","Lost-Top Two Primary","Lost","NO PARTY PREFERENCE","Third-Party","HOUSE DISTRICT 044-POSITION 2",0,0
40587733,"FORBES, SCOTT","Lost-Top Two Primary","Lost","DEMOCRATIC","Democratic","HOUSE DISTRICT 043-POSITION 1",0,0
40587739,"GIROUX, ANNE SETSUKO","Lost-Top Two Primary","Lost","DEMOCRATIC","Democratic","HOUSE DISTRICT 028-POSITION 1",0,0
517263,"GUTHRIE, BRUCE","Lost-Top Two Primary","Lost","LIBERTARIAN","Third-Party","HOUSE DISTRICT 021-POSITION 2",0,0
6509594,"HASH, MARTIN (MD)","Lost-General","Lost","DEMOCRATIC","Democratic","HOUSE DISTRICT 017-POSITION 2",0,0
40587744,"HELS, ALEX","Lost-General","Lost","LIBERTARIAN","Third-Party","HOUSE DISTRICT 021-POSITION 1",0,0
40587751,"JOHNSON, BERT","Lost-General","Lost","INDEPENDENT","Third-Party","HOUSE DISTRICT 038-POSITION 2",0,0
40587754,"KHAN, MOHAMMED RIAZ","Lost-Top Two Primary","Lost","NO PARTY PREFERENCE","Third-Party","HOUSE DISTRICT 021-POSITION 2",0,0
40587758,"KOLDING, BRENDAN B","Lost-Top Two Primary","Lost","DEMOCRATIC","Democratic","HOUSE DISTRICT 034-POSITION 1",0,0
40587768,"LYONS, BRANDON","Lost-Top Two Primary","Lost","LIBERTARIAN","Third-Party","HOUSE DISTRICT 028-POSITION 2",0,0
40587775,"MOREAU-COOK, AARON","Lost-Top Two Primary","Lost","DEMOCRATIC","Democratic","HOUSE DISTRICT 001-POSITION 2",0,0
40587776,"MULLER, MORREL JAMES","Lost-Top Two Primary","Lost","DEMOCRATIC","Democratic","HOUSE DISTRICT 044-POSITION 2",0,0
40587784,"PFUNDT, BARRY","Lost-Top Two Primary","Lost","NO PARTY PREFERENCE","Third-Party","HOUSE DISTRICT 006-POSITION 1",0,0
40587785,"PHELPS, BENJAMIN JUDAH","Lost-General","Lost","LIBERTARIAN","Third-Party","HOUSE DISTRICT 048-POSITION 2",0,0
40587789,"POTTER, JOHN","Lost-General","Lost","REPUBLICAN","Republican","HOUSE DISTRICT 033-POSITION 1",0,0
40587797,"RUTLEDGE, ALVIN","Lost-General","Lost","REPUBLICAN","Republican","HOUSE DISTRICT 032-POSITION 1",0,0
40587798,"SCHAEFER, CHARLES","Lost-Top Two Primary","Lost","LIBERTARIAN","Third-Party","HOUSE DISTRICT 033-POSITION 1",0,0
24811975,"SCHEIDLER, BILL","Lost-Top Two Primary","Lost","REPUBLICAN","Republican","HOUSE DISTRICT 026-POSITION 1",0,0
40587804,"SMITH, KEITH","Lost-Top Two Primary","Lost","NO PARTY PREFERENCE","Third-Party","HOUSE DISTRICT 032-POSITION 1",0,0
40587806,"STAVRUM, BUTCH","Lost-Top Two Primary","Lost","DEMOCRATIC","Democratic","HOUSE DISTRICT 019-POSITION 2",0,0
40587812,"SUGIYAMA, KAZUAKI (KAZ)","Lost-Top Two Primary","Lost","DEMOCRATIC","Democratic","HOUSE DISTRICT 001-POSITION 1",0,0
40587825,"WATKINS, KERRY","Lost-Top Two Primary","Lost","DEMOCRATIC","Democratic","HOUSE DISTRICT 044-POSITION 2",0,0
40587832,"ZAERR, ZACHARY","Lost-Top Two Primary","Lost","REPUBLICAN","Republican","HOUSE DISTRICT 043-POSITION 1",0,0
40587908,"WILSON, MARK","Lost-Top Two Primary","Lost","INDEPENDENT","Third-Party","AUDITOR",0,0
40587913,"STILLINGS, JOHN","Lost-Top Two Primary","Lost","DEMOCRATIC","Democratic","COMMISSIONER OF PUBLIC LANDS",0,0
40587916,"BLOMSTROM, DAVID W","Lost-Top Two Primary","Lost","FIFTH REPUBLIC","Third-Party","GOVERNOR",0,0
40587917,"DEAL, JAMES ROBERT","Lost-Top Two Primary","Lost","DEMOCRATIC","Democratic","GOVERNOR",0,0
40587918,"DODDS, JOHNATHAN","Lost-Top Two Primary","Lost","DEMOCRATIC","Democratic","GOVERNOR",0,0
19898604,"GOODSPACEGUY","Lost-Top Two Primary","Lost","REPUBLICAN","Republican","GOVERNOR",0,0
13007949,"HIRT, BILL","Lost-Top Two Primary","Lost","REPUBLICAN","Republican","GOVERNOR",0,0
6493695,"JOUBERT, CHRISTIAN PIERRE","Lost-Top Two Primary","Lost","HOLISTIC","Third-Party","GOVERNOR",0,0
40587921,"MARTIN, MARY","Lost-Top Two Primary","Lost","SOCIALIST WORKERS","Third-Party","GOVERNOR",0,0
40587922,"OROURKE, PATRICK","Lost-Top Two Primary","Lost","DEMOCRATIC","Democratic","GOVERNOR",0,0
40587926,"DAVIES, DANIEL B","Lost-Top Two Primary","Lost","NO PARTY PREFERENCE","Third-Party","LIEUTENANT GOVERNOR",0,0
6557883,"GREENE, MARK","Lost-Top Two Primary","Lost","CITIZENS","Third-Party","LIEUTENANT GOVERNOR",0,0
40587933,"WALLACE, KAREN","Lost-Top Two Primary","Lost","DEMOCRATIC","Democratic","LIEUTENANT GOVERNOR",0,0
40587940,"CLINE, MARTIN","Lost-Top Two Primary","Lost","DEMOCRATIC","Democratic","SENATE DISTRICT 027",0,0
40587941,"FORSMAN, JUSTIN M","Lost-Top Two Primary","Lost","INDEPENDENT","Third-Party","SENATE DISTRICT 049",0,0
40587943,"HENDERSON, VAUGHN GREGOR","Lost-Top Two Primary","Lost","DEMOCRATIC","Democratic","SENATE DISTRICT 049",0,0
6650156,"MILLER, DANIEL R","Lost-General","Lost","REPUBLICAN","Republican","SENATE DISTRICT 040",0,0
40587950,"PRICE, DENNIS","Lost-General","Lost","LIBERTARIAN","Third-Party","SENATE DISTRICT 011",0,0
2620183,"BLAIR, JOHN PATTERSON","Lost-Top Two Primary","Lost","NONPARTISAN","Nonpartisan","SUPERINTENDENT OF PUBLIC INSTRUCTION",0,0
40587962,"MAKSIRISOMBAT, KUMROON (MR MAK)","Lost-Top Two Primary","Lost","NONPARTISAN","Nonpartisan","SUPERINTENDENT OF PUBLIC INSTRUCTION",0,0
40587963,"PROUTY, GRAZYNA","Lost-Top Two Primary","Lost","NONPARTISAN","Nonpartisan","SUPERINTENDENT OF PUBLIC INSTRUCTION",0,0
24811914,"SCANNELL, JOHN (ZAMBONI)","Lost-Top Two Primary","Lost","NONPARTISAN","Nonpartisan","SUPREME COURT-005",0,0
17660728,"ARNOLD, KEITH","Lost-Top Two Primary","Lost","INDEPENDENT","Third-Party","US HOUSE DISTRICT WA 008",0,0
40587976,"ARTHUR, KATHLEEN (GRANDMA WARRIOR)","Lost-Top Two Primary","Lost","DEMOCRATIC","Democratic","US HOUSE DISTRICT WA 003",0,0
40587979,"BOYCE, RICHARD","Lost-Top Two Primary","Lost","NO PARTY PREFERENCE","Third-Party","US HOUSE DISTRICT WA 010",0,0
17658553,"BRODHEAD, STEPHAN ANDREW","Lost-Top Two Primary","Lost","REPUBLICAN","Republican","US HOUSE DISTRICT WA 006",0,0
40587981,"COOPER, CARL","Lost-Top Two Primary","Lost","NO PARTY PREFERENCE","Third-Party","US HOUSE DISTRICT WA 007",0,0
40587984,"FLENER, JEARY","Lost-Top Two Primary","Lost","NO PARTY PREFERENCE","Third-Party","US HOUSE DISTRICT WA 009",0,0
40587985,"HENNEMANN, MARC","Lost-General","Lost","REPUBLICAN","Republican","US HOUSE DISTRICT WA 002",0,0
40587986,"ILONUMMI, KARI","Lost-Top Two Primary","Lost","NO PARTY PREFERENCE","Third-Party","US HOUSE DISTRICT WA 002",0,0
40587987,"JAKEMAN, GLENN M","Lost-Top Two Primary","Lost","REPUBLICAN","Republican","US HOUSE DISTRICT WA 004",0,0
40587989,"JHAVERI, ARUN","Lost-Top Two Primary","Lost","DEMOCRATIC","Democratic","US HOUSE DISTRICT WA 007",0,0
17660608,"LAPOINTE, MIKE","Lost-Top Two Primary","Lost","DEMOCRATIC","Democratic","US HOUSE DISTRICT WA 002",0,0
40587991,"LUKE, BRIAN","Lost-Top Two Primary","Lost","LIBERTARIAN","Third-Party","US HOUSE DISTRICT WA 002",0,0
40587992,"MALAN, JOHN (THE MAN)","Lost-Top Two Primary","Lost","DEMOCRATIC","Democratic","US HOUSE DISTRICT WA 004",0,0
40587996,"MCGEE, KRYSTOL","Lost-Top Two Primary","Lost","LIBERTARIAN","Third-Party","US HOUSE DISTRICT WA 005",0,0
26622151,"MCKINLEY, DOUG","Lost-Top Two Primary","Lost","DEMOCRATIC","Democratic","US HOUSE DISTRICT WA 004",0,0
40587997,"NUCHIMS, PAUL L","Lost-Top Two Primary","Lost","DEMOCRATIC","Democratic","US HOUSE DISTRICT WA 006",0,0
17660729,"ORLINSKI, JOHN","Lost-Top Two Primary","Lost","REPUBLICAN","Republican","US HOUSE DISTRICT WA 001",0,0
26260422,"POSTMA, JIM","Lost-General","Lost","REPUBLICAN","Republican","US HOUSE DISTRICT WA 010",0,0
3201659,"REGIER, LESLIE","Lost-Top Two Primary","Lost","NO PARTY PREFERENCE","Third-Party","US HOUSE DISTRICT WA 007",0,0
40588002,"SMITH, DANIEL","Lost-Top Two Primary","Lost","DEMOCRATIC","Democratic","US HOUSE DISTRICT WA 009",0,0
16501228,"STAFNE, SCOTT","Lost-Top Two Primary","Lost","LIBERTARIAN","Third-Party","US HOUSE DISTRICT WA 001",0,0
40588003,"STORMS, ALEX","Lost-Top Two Primary","Lost","INDEPENDENT","Third-Party","US HOUSE DISTRICT WA 001",0,0
17660147,"SUTHERLAND, SCOTT","Lost-Top Two Primary","Lost","REPUBLICAN","Republican","US HOUSE DISTRICT WA 007",0,0
40588005,"VEGA, TYLER MYLES","Lost-Top Two Primary","Lost","GREEN","Third-Party","US HOUSE DISTRICT WA 006",0,0
40588008,"WALSH, MARGARET M","Lost-Top Two Primary","Lost","WE R INDEPENDENT","Third-Party","US HOUSE DISTRICT WA 008",0,0
40588010,"WORTHINGTON, LA (WORTHY)","Lost-Top Two Primary","Lost","NO PARTY PREFERENCE","Third-Party","US HOUSE DISTRICT WA 003",0,0
41436662,"BENSON, MATTHEW","Lost-General","Lost","REPUBLICAN","Republican","HOUSE DISTRICT 034-POSITION 1",0,0
6554793,"SMILANICH, TAMRA","Lost-General","Lost","NO PARTY AFFILIATION","Third-Party","HOUSE DISTRICT 037-POSITION 2",0,0
41440938,"JORDAN, ANGEL","Lost-Top Two Primary","Lost","LIBERTARIAN","Third-Party","HOUSE DISTRICT 041-POSITION 2",0,0
41441121,"POPP SR, WILLIAM","Lost-Top Two Primary","Lost","DEMOCRATIC","Democratic","HOUSE DISTRICT 041-POSITION 2",0,0
