request,Candidate:token,Candidate:id,Candidate,Candidate_Entity:token,Candidate_Entity:id,Candidate_Entity,Election_Status:token,Election_Status:id,Election_Status,Status_of_Candidate:token,Status_of_Candidate:id,Status_of_Candidate,Specific_Party:token,Specific_Party:id,Specific_Party,General_Party:token,General_Party:id,General_Party,Election_Jurisdiction:token,Election_Jurisdiction:id,Election_Jurisdiction,Election_Year:token,Election_Year:id,Election_Year,Election_Type:token,Election_Type:id,Election_Type,Office_Sought:token,Office_Sought:id,Office_Sought,Incumbency_Status:token,Incumbency_Status:id,Incumbency_Status,#_of_Records,Total_$
f-fc=1&c-exi=1&c-r-ot=P&c-t-id=142379&c-t-p=1,c-t-id,142379,"OBAMA, BARACK HUSSEIN & BIDEN, JOE",c-t-eid,"3172987,17659045","OBAMA, BARACK HUSSEIN & BIDEN, JOE",c-t-ftsts,Won-General,Won-General,c-t-sts,1,Won,c-t-pt,33,DEMOCRATIC,c-t-p,1,Democratic,s,US,US,y,2012,2012,c-r-t,1,Standard,c-r-osid,14923,"PRESIDENT / VICE PRESIDENT",c-t-ico,I,Incumbent,2867640,818383035.21
f-fc=1&c-exi=1&c-r-ot=P&c-t-id=191989&c-t-p=1,c-t-id,191989,"CLINTON, HILLARY RODHAM & KAINE, TIMOTHY M (TIM)",c-t-eid,"16563536,5743146","CLINTON, HILLARY RODHAM & KAINE, TIMOTHY M (TIM)",c-t-ftsts,Lost-General,Lost-General,c-t-sts,2,Lost,c-t-pt,33,DEMOCRATIC,c-t-p,1,Democratic,s,US,US,y,2016,2016,c-r-t,1,Standard,c-r-osid,14923,"PRESIDENT / VICE PRESIDENT",c-t-ico,O,Open,2856763,568135094.44
f-fc=1&c-exi=1&c-r-ot=P&c-t-id=142378&c-t-p=2,c-t-id,142378,"ROMNEY, WILLARD MITT & RYAN, PAUL D",c-t-eid,"43351,7432657","ROMNEY, WILLARD MITT & RYAN, PAUL D",c-t-ftsts,Lost-General,Lost-General,c-t-sts,2,Lost,c-t-pt,139,REPUBLICAN,c-t-p,2,Republican,s,US,US,y,2012,2012,c-r-t,1,Standard,c-r-osid,14923,"PRESIDENT / VICE PRESIDENT",c-t-ico,C,Challenger,556310,507624698.22
f-fc=1&c-exi=1&c-r-ot=P&c-t-id=191993&c-t-p=2,c-t-id,191993,"TRUMP, DONALD J & PENCE, MICHAEL R (MIKE)",c-t-eid,"4764641,10245969","TRUMP, DONALD J & PENCE, MICHAEL R (MIKE)",c-t-ftsts,Won-General,Won-General,c-t-sts,1,Won,c-t-pt,139,REPUBLICAN,c-t-p,2,Republican,s,US,US,y,2016,2016,c-r-t,1,Standard,c-r-osid,14923,"PRESIDENT / VICE PRESIDENT",c-t-ico,O,Open,312921,366873742.79
f-fc=1&c-exi=1&c-r-ot=P&c-t-id=191991&c-t-p=1,c-t-id,191991,"SANDERS, BERNARD (BERNIE)",c-t-eid,9960190,"SANDERS, BERNARD (BERNIE)",c-t-ftsts,Lost-Convention,Lost-Convention,c-t-sts,2,Lost,c-t-pt,33,DEMOCRATIC,c-t-p,1,Democratic,s,US,US,y,2016,2016,c-r-t,1,Standard,c-r-osid,14923,"PRESIDENT / VICE PRESIDENT",c-t-ico,O,Open,2011001,258562022.17
f-fc=1&c-exi=1&c-r-ot=P&c-t-id=191998&c-t-p=2,c-t-id,191998,"CRUZ, RAFAEL EDWARD (TED)",c-t-eid,210204,"CRUZ, RAFAEL EDWARD (TED)",c-t-ftsts,Lost-Convention,Lost-Convention,c-t-sts,2,Lost,c-t-pt,139,REPUBLICAN,c-t-p,2,Republican,s,US,US,y,2016,2016,c-r-t,1,Standard,c-r-osid,14923,"PRESIDENT / VICE PRESIDENT",c-t-ico,O,Open,554039,93430700.29
f-fc=1&c-exi=1&c-r-ot=P&c-t-id=191997&c-t-p=2,c-t-id,191997,"CARSON, BENJAMIN S (BEN)",c-t-eid,4667540,"CARSON, BENJAMIN S (BEN)",c-t-ftsts,Lost-Convention,Lost-Convention,c-t-sts,2,Lost,c-t-pt,139,REPUBLICAN,c-t-p,2,Republican,s,US,US,y,2016,2016,c-r-t,1,Standard,c-r-osid,14923,"PRESIDENT / VICE PRESIDENT",c-t-ico,O,Open,247678,62202411.13
f-fc=1&c-exi=1&c-r-ot=P&c-t-id=142389&c-t-p=3,c-t-id,142389,"PAUL, RONALD D",c-t-eid,4749506,"PAUL, RONALD D",c-t-ftsts,Lost-General,Lost-General,c-t-sts,2,Lost,c-t-pt,177,WRITEIN,c-t-p,3,Third-Party,s,US,US,y,2012,2012,c-r-t,1,Standard,c-r-osid,14923,"PRESIDENT / VICE PRESIDENT",c-t-ico,C,Challenger,151638,52602017.61
f-fc=1&c-exi=1&c-r-ot=P&c-t-id=191999&c-t-p=2,c-t-id,191999,"RUBIO, MARCO ANTONIO",c-t-eid,12999040,"RUBIO, MARCO ANTONIO",c-t-ftsts,Lost-Convention,Lost-Convention,c-t-sts,2,Lost,c-t-pt,139,REPUBLICAN,c-t-p,2,Republican,s,US,US,y,2016,2016,c-r-t,1,Standard,c-r-osid,14923,"PRESIDENT / VICE PRESIDENT",c-t-ico,O,Open,108130,44384313.90
f-fc=1&c-exi=1&c-r-ot=P&c-t-id=191994&c-t-p=2,c-t-id,191994,"BUSH, JOHN ELLIS (JEB)",c-t-eid,888084,"BUSH, JOHN ELLIS (JEB)",c-t-ftsts,Lost-Convention,Lost-Convention,c-t-sts,2,Lost,c-t-pt,139,REPUBLICAN,c-t-p,2,Republican,s,US,US,y,2016,2016,c-r-t,1,Standard,c-r-osid,14923,"PRESIDENT / VICE PRESIDENT",c-t-ico,O,Open,29642,34606731.78
f-fc=1&c-exi=1&c-r-ot=P&c-t-id=142410&c-t-p=2,c-t-id,142410,"GINGRICH, NEWT",c-t-eid,5828541,"GINGRICH, NEWT",c-t-ftsts,Lost-Convention,Lost-Convention,c-t-sts,2,Lost,c-t-pt,139,REPUBLICAN,c-t-p,2,Republican,s,US,US,y,2012,2012,c-r-t,1,Standard,c-r-osid,14923,"PRESIDENT / VICE PRESIDENT",c-t-ico,O,Open,51713,28865598.32
f-fc=1&c-exi=1&c-r-ot=P&c-t-id=142409&c-t-p=2,c-t-id,142409,"SANTORUM, RICHARD JOHN (RICK)",c-t-eid,5829001,"SANTORUM, RICHARD JOHN (RICK)",c-t-ftsts,Lost-Convention,Lost-Convention,c-t-sts,2,Lost,c-t-pt,139,REPUBLICAN,c-t-p,2,Republican,s,US,US,y,2012,2012,c-r-t,1,Standard,c-r-osid,14923,"PRESIDENT / VICE PRESIDENT",c-t-ico,O,Open,52236,22489250.78
f-fc=1&c-exi=1&c-r-ot=P&c-t-id=142416&c-t-p=2,c-t-id,142416,"PERRY, JAMES RICHARD (RICK)",c-t-eid,11291411,"PERRY, JAMES RICHARD (RICK)",c-t-ftsts,Lost-Convention,Lost-Convention,c-t-sts,2,Lost,c-t-pt,139,REPUBLICAN,c-t-p,2,Republican,s,US,US,y,2012,2012,c-r-t,1,Standard,c-r-osid,14923,"PRESIDENT / VICE PRESIDENT",c-t-ico,O,Open,13634,19604435.57
f-fc=1&c-exi=1&c-r-ot=P&c-t-id=192002&c-t-p=2,c-t-id,192002,"KASICH, JOHN R",c-t-eid,1661909,"KASICH, JOHN R",c-t-ftsts,Lost-Convention,Lost-Convention,c-t-sts,2,Lost,c-t-pt,139,REPUBLICAN,c-t-p,2,Republican,s,US,US,y,2016,2016,c-r-t,1,Standard,c-r-osid,14923,"PRESIDENT / VICE PRESIDENT",c-t-ico,O,Open,25796,18842368.89
f-fc=1&c-exi=1&c-r-ot=P&c-t-id=142431&c-t-p=2,c-t-id,142431,"CAIN, HERMAN",c-t-eid,2977411,"CAIN, HERMAN",c-t-ftsts,Lost-Convention,Lost-Convention,c-t-sts,2,Lost,c-t-pt,139,REPUBLICAN,c-t-p,2,Republican,s,US,US,y,2012,2012,c-r-t,1,Standard,c-r-osid,14923,"PRESIDENT / VICE PRESIDENT",c-t-ico,O,Open,20193,16195914.26
f-fc=1&c-exi=1&c-r-ot=P&c-t-id=142411&c-t-p=2,c-t-id,142411,"HUNTSMAN JR, JON M",c-t-eid,6664084,"HUNTSMAN JR, JON M",c-t-ftsts,Lost-Convention,Lost-Convention,c-t-sts,2,Lost,c-t-pt,139,REPUBLICAN,c-t-p,2,Republican,s,US,US,y,2012,2012,c-r-t,1,Standard,c-r-osid,14923,"PRESIDENT / VICE PRESIDENT",c-t-ico,O,Open,4224,14202799.74
f-fc=1&c-exi=1&c-r-ot=P&c-t-id=192007&c-t-p=2,c-t-id,192007,"FIORINA, CARLY",c-t-eid,18930573,"FIORINA, CARLY",c-t-ftsts,Lost-Convention,Lost-Convention,c-t-sts,2,Lost,c-t-pt,139,REPUBLICAN,c-t-p,2,Republican,s,US,US,y,2016,2016,c-r-t,1,Standard,c-r-osid,14923,"PRESIDENT / VICE PRESIDENT",c-t-ico,O,Open,27766,11937638.11
f-fc=1&c-exi=1&c-r-ot=P&c-t-id=192000&c-t-p=2,c-t-id,192000,"PAUL, RANDAL (RAND)",c-t-eid,9337758,"PAUL, RANDAL (RAND)",c-t-ftsts,Lost-Convention,Lost-Convention,c-t-sts,2,Lost,c-t-pt,139,REPUBLICAN,c-t-p,2,Republican,s,US,US,y,2016,2016,c-r-t,1,Standard,c-r-osid,14923,"PRESIDENT / VICE PRESIDENT",c-t-ico,O,Open,29602,11833950.07
f-fc=1&c-exi=1&c-r-ot=P&c-t-id=220699&c-t-p=3,c-t-id,220699,"JOHNSON, GARY EARL & WELD, WILLIAM FLOYD (BILL))",c-t-eid,"17659048,42113375","JOHNSON, GARY EARL & WELD, WILLIAM FLOYD (BILL))",c-t-ftsts,Lost-General,Lost-General,c-t-sts,2,Lost,c-t-pt,73,LIBERTARIAN,c-t-p,3,Third-Party,s,US,US,y,2016,2016,c-r-t,1,Standard,c-r-osid,14923,"PRESIDENT / VICE PRESIDENT",c-t-ico,O,Open,13507,11608790.25
f-fc=1&c-exi=1&c-r-ot=P&c-t-id=220700&c-t-p=3,c-t-id,220700,"STEIN, JILL E & BARAKA, AJAMU",c-t-eid,"6528028,42113427","STEIN, JILL E & BARAKA, AJAMU",c-t-ftsts,Lost-General,Lost-General,c-t-sts,2,Lost,c-t-pt,51,GREEN,c-t-p,3,Third-Party,s,US,US,y,2016,2016,c-r-t,1,Standard,c-r-osid,14923,"PRESIDENT / VICE PRESIDENT",c-t-ico,O,Open,11725,10453372.78
f-fc=1&c-exi=1&c-r-ot=P&c-t-id=143278&c-t-p=2,c-t-id,143278,"BACHMANN, MICHELE",c-t-eid,6597408,"BACHMANN, MICHELE",c-t-ftsts,Lost-Convention,Lost-Convention,c-t-sts,2,Lost,c-t-pt,139,REPUBLICAN,c-t-p,2,Republican,s,US,US,y,2012,2012,c-r-t,1,Standard,c-r-osid,14923,"PRESIDENT / VICE PRESIDENT",c-t-ico,O,Open,13047,10310821.01
f-fc=1&c-exi=1&c-r-ot=P&c-t-id=192001&c-t-p=2,c-t-id,192001,"CHRISTIE, CHRISTOPHER J (CHRIS)",c-t-eid,6680183,"CHRISTIE, CHRISTOPHER J (CHRIS)",c-t-ftsts,Lost-Convention,Lost-Convention,c-t-sts,2,Lost,c-t-pt,139,REPUBLICAN,c-t-p,2,Republican,s,US,US,y,2016,2016,c-r-t,1,Standard,c-r-osid,14923,"PRESIDENT / VICE PRESIDENT",c-t-ico,O,Open,6098,8450767.64
f-fc=1&c-exi=1&c-r-ot=P&c-t-id=191995&c-t-p=2,c-t-id,191995,"WALKER, SCOTT K",c-t-eid,4656950,"WALKER, SCOTT K",c-t-ftsts,Lost-Convention,Lost-Convention,c-t-sts,2,Lost,c-t-pt,139,REPUBLICAN,c-t-p,2,Republican,s,US,US,y,2016,2016,c-r-t,1,Standard,c-r-osid,14923,"PRESIDENT / VICE PRESIDENT",c-t-ico,O,Open,7303,8067461.71
f-fc=1&c-exi=1&c-r-ot=P&c-t-id=192006&c-t-p=2,c-t-id,192006,"GRAHAM, LINDSEY OLIN",c-t-eid,8463292,"GRAHAM, LINDSEY OLIN",c-t-ftsts,Lost-Convention,Lost-Convention,c-t-sts,2,Lost,c-t-pt,139,REPUBLICAN,c-t-p,2,Republican,s,US,US,y,2016,2016,c-r-t,1,Standard,c-r-osid,14923,"PRESIDENT / VICE PRESIDENT",c-t-ico,O,Open,4334,7292173.80
f-fc=1&c-exi=1&c-r-ot=P&c-t-id=191990&c-t-p=1,c-t-id,191990,"OMALLEY, MARTIN JOSEPH",c-t-eid,6482419,"OMALLEY, MARTIN JOSEPH",c-t-ftsts,Lost-Convention,Lost-Convention,c-t-sts,2,Lost,c-t-pt,33,DEMOCRATIC,c-t-p,1,Democratic,s,US,US,y,2016,2016,c-r-t,1,Standard,c-r-osid,14923,"PRESIDENT / VICE PRESIDENT",c-t-ico,O,Open,5383,5699814.82
f-fc=1&c-exi=1&c-r-ot=P&c-t-id=191996&c-t-p=2,c-t-id,191996,"HUCKABEE, MIKE D",c-t-eid,6578217,"HUCKABEE, MIKE D",c-t-ftsts,Lost-Convention,Lost-Convention,c-t-sts,2,Lost,c-t-pt,139,REPUBLICAN,c-t-p,2,Republican,s,US,US,y,2016,2016,c-r-t,1,Standard,c-r-osid,14923,"PRESIDENT / VICE PRESIDENT",c-t-ico,O,Open,6413,3064303.84
f-fc=1&c-exi=1&c-r-ot=P&c-t-id=142380&c-t-p=3,c-t-id,142380,"JOHNSON, GARY EARL & GRAY, JIM",c-t-eid,"17659048,17659047","JOHNSON, GARY EARL & GRAY, JIM",c-t-ftsts,Lost-General,Lost-General,c-t-sts,2,Lost,c-t-pt,73,LIBERTARIAN,c-t-p,3,Third-Party,s,US,US,y,2012,2012,c-r-t,1,Standard,c-r-osid,14923,"PRESIDENT / VICE PRESIDENT",c-t-ico,C,Challenger,3318,2410362.70
f-fc=1&c-exi=1&c-r-ot=P&c-t-id=220701&c-t-p=3,c-t-id,220701,"MCMULLIN, EVAN & FINN, MINDY",c-t-eid,"42113428,42113429","MCMULLIN, EVAN & FINN, MINDY",c-t-ftsts,Lost-General,Lost-General,c-t-sts,2,Lost,c-t-pt,62,INDEPENDENT,c-t-p,3,Third-Party,s,US,US,y,2016,2016,c-r-t,1,Standard,c-r-osid,14923,"PRESIDENT / VICE PRESIDENT",c-t-ico,O,Open,2584,1732215.33
f-fc=1&c-exi=1&c-r-ot=P&c-t-id=192005&c-t-p=2,c-t-id,192005,"SANTORUM, RICHARD JOHN (RICK)",c-t-eid,5829001,"SANTORUM, RICHARD JOHN (RICK)",c-t-ftsts,Lost-Convention,Lost-Convention,c-t-sts,2,Lost,c-t-pt,139,REPUBLICAN,c-t-p,2,Republican,s,US,US,y,2016,2016,c-r-t,1,Standard,c-r-osid,14923,"PRESIDENT / VICE PRESIDENT",c-t-ico,O,Open,1884,1579455.23
f-fc=1&c-exi=1&c-r-ot=P&c-t-id=192004&c-t-p=2,c-t-id,192004,"JINDAL, BOBBY",c-t-eid,6613013,"JINDAL, BOBBY",c-t-ftsts,Lost-Convention,Lost-Convention,c-t-sts,2,Lost,c-t-pt,139,REPUBLICAN,c-t-p,2,Republican,s,US,US,y,2016,2016,c-r-t,1,Standard,c-r-osid,14923,"PRESIDENT / VICE PRESIDENT",c-t-ico,O,Open,770,1431663.52
f-fc=1&c-exi=1&c-r-ot=P&c-t-id=192003&c-t-p=2,c-t-id,192003,"PERRY, JAMES RICHARD (RICK)",c-t-eid,11291411,"PERRY, JAMES RICHARD (RICK)",c-t-ftsts,Lost-Convention,Lost-Convention,c-t-sts,2,Lost,c-t-pt,139,REPUBLICAN,c-t-p,2,Republican,s,US,US,y,2016,2016,c-r-t,1,Standard,c-r-osid,14923,"PRESIDENT / VICE PRESIDENT",c-t-ico,O,Open,917,1256810.54
f-fc=1&c-exi=1&c-r-ot=P&c-t-id=142381&c-t-p=3,c-t-id,142381,"STEIN, JILL E & HONKALA, CHERI",c-t-eid,"6528028,17659049","STEIN, JILL E & HONKALA, CHERI",c-t-ftsts,Lost-General,Lost-General,c-t-sts,2,Lost,c-t-pt,51,GREEN,c-t-p,3,Third-Party,s,US,US,y,2012,2012,c-r-t,1,Standard,c-r-osid,14923,"PRESIDENT / VICE PRESIDENT",c-t-ico,C,Challenger,1564,900062.91
f-fc=1&c-exi=1&c-r-ot=P&c-t-id=191992&c-t-p=1,c-t-id,191992,"WEBB, JIM",c-t-eid,32094357,"WEBB, JIM",c-t-ftsts,Lost-Convention,Lost-Convention,c-t-sts,2,Lost,c-t-pt,33,DEMOCRATIC,c-t-p,1,Democratic,s,US,US,y,2016,2016,c-r-t,1,Standard,c-r-osid,14923,"PRESIDENT / VICE PRESIDENT",c-t-ico,O,Open,807,777778.91
f-fc=1&c-exi=1&c-r-ot=P&c-t-id=142423&c-t-p=2,c-t-id,142423,"KARGER, FRED",c-t-eid,17659103,"KARGER, FRED",c-t-ftsts,Lost-Convention,Lost-Convention,c-t-sts,2,Lost,c-t-pt,139,REPUBLICAN,c-t-p,2,Republican,s,US,US,y,2012,2012,c-r-t,1,Standard,c-r-osid,14923,"PRESIDENT / VICE PRESIDENT",c-t-ico,O,Open,1870,613525.87
f-fc=1&c-exi=1&c-r-ot=P&c-t-id=192009&c-t-p=2,c-t-id,192009,"PATAKI, GEORGE E",c-t-eid,6587450,"PATAKI, GEORGE E",c-t-ftsts,Lost-Convention,Lost-Convention,c-t-sts,2,Lost,c-t-pt,139,REPUBLICAN,c-t-p,2,Republican,s,US,US,y,2016,2016,c-r-t,1,Standard,c-r-osid,14923,"PRESIDENT / VICE PRESIDENT",c-t-ico,O,Open,345,529173.88
f-fc=1&c-exi=1&c-r-ot=P&c-t-id=142443&c-t-p=2,c-t-id,142443,"DAVIS JR, JOHN L",c-t-eid,6218047,"DAVIS JR, JOHN L",c-t-ftsts,Lost-Convention,Lost-Convention,c-t-sts,2,Lost,c-t-pt,139,REPUBLICAN,c-t-p,2,Republican,s,US,US,y,2012,2012,c-r-t,1,Standard,c-r-osid,14923,"PRESIDENT / VICE PRESIDENT",c-t-ico,O,Open,143,441945.36
f-fc=1&c-exi=1&c-r-ot=P&c-t-id=142394&c-t-p=3,c-t-id,142394,"TERRY, RANDALL",c-t-eid,13011365,"TERRY, RANDALL",c-t-ftsts,Lost-General,Lost-General,c-t-sts,2,Lost,c-t-pt,62,INDEPENDENT,c-t-p,3,Third-Party,s,US,US,y,2012,2012,c-r-t,1,Standard,c-r-osid,14923,"PRESIDENT / VICE PRESIDENT",c-t-ico,C,Challenger,730,427830.55
f-fc=1&c-exi=1&c-r-ot=P&c-t-id=191988&c-t-p=1,c-t-id,191988,"CHAFEE, LINCOLN D",c-t-eid,6535053,"CHAFEE, LINCOLN D",c-t-ftsts,Lost-Convention,Lost-Convention,c-t-sts,2,Lost,c-t-pt,33,DEMOCRATIC,c-t-p,1,Democratic,s,US,US,y,2016,2016,c-r-t,1,Standard,c-r-osid,14923,"PRESIDENT / VICE PRESIDENT",c-t-ico,O,Open,118,418135.75
f-fc=1&c-exi=1&c-r-ot=P&c-t-id=142412&c-t-p=2,c-t-id,142412,"ROEMER III, CHARLES E (BUDDY)",c-t-eid,12042541,"ROEMER III, CHARLES E (BUDDY)",c-t-ftsts,Lost-Convention,Lost-Convention,c-t-sts,2,Lost,c-t-pt,139,REPUBLICAN,c-t-p,2,Republican,s,US,US,y,2012,2012,c-r-t,1,Standard,c-r-osid,14923,"PRESIDENT / VICE PRESIDENT",c-t-ico,O,Open,6016,415497.12
f-fc=1&c-exi=1&c-r-ot=P&c-t-id=192008&c-t-p=2,c-t-id,192008,"GILMORE, JIM",c-t-eid,32094373,"GILMORE, JIM",c-t-ftsts,Lost-Convention,Lost-Convention,c-t-sts,2,Lost,c-t-pt,139,REPUBLICAN,c-t-p,2,Republican,s,US,US,y,2016,2016,c-r-t,1,Standard,c-r-osid,14923,"PRESIDENT / VICE PRESIDENT",c-t-ico,O,Open,105,386594.95
f-fc=1&c-exi=1&c-r-ot=P&c-t-id=142382&c-t-p=3,c-t-id,142382,"GOODE JR, VIRGIL H & CLYMER, JIM",c-t-eid,"14410650,17659051","GOODE JR, VIRGIL H & CLYMER, JIM",c-t-ftsts,Lost-General,Lost-General,c-t-sts,2,Lost,c-t-pt,29,CONSTITUTION,c-t-p,3,Third-Party,s,US,US,y,2012,2012,c-r-t,1,Standard,c-r-osid,14923,"PRESIDENT / VICE PRESIDENT",c-t-ico,C,Challenger,16,201627.54
f-fc=1&c-exi=1&c-r-ot=P&c-t-id=142432&c-t-p=1,c-t-id,142432,"ELY, BOB",c-t-eid,17659112,"ELY, BOB",c-t-ftsts,Lost-Convention,Lost-Convention,c-t-sts,2,Lost,c-t-pt,33,DEMOCRATIC,c-t-p,1,Democratic,s,US,US,y,2012,2012,c-r-t,1,Standard,c-r-osid,14923,"PRESIDENT / VICE PRESIDENT",c-t-ico,C,Challenger,45,170652.50
f-fc=1&c-exi=1&c-r-ot=P&c-t-id=142435&c-t-p=1,c-t-id,142435,"HAYWOOD, JOHN D",c-t-eid,6213002,"HAYWOOD, JOHN D",c-t-ftsts,Lost-Convention,Lost-Convention,c-t-sts,2,Lost,c-t-pt,33,DEMOCRATIC,c-t-p,1,Democratic,s,US,US,y,2012,2012,c-r-t,1,Standard,c-r-osid,14923,"PRESIDENT / VICE PRESIDENT",c-t-ico,C,Challenger,12,135395.00
f-fc=1&c-exi=1&c-r-ot=P&c-t-id=142388&c-t-p=3,c-t-id,142388,"BARR, ROSEANNE CHERRI & SHEEHAN, CINDY",c-t-eid,"17659062,17659061","BARR, ROSEANNE CHERRI & SHEEHAN, CINDY",c-t-ftsts,Lost-General,Lost-General,c-t-sts,2,Lost,c-t-pt,110,"PEACE & FREEDOM",c-t-p,3,Third-Party,s,US,US,y,2012,2012,c-r-t,1,Standard,c-r-osid,14923,"PRESIDENT / VICE PRESIDENT",c-t-ico,C,Challenger,13,56553.79
f-fc=1&c-exi=1&c-r-ot=P&c-t-id=142384&c-t-p=3,c-t-id,142384,"REED, JILL & CARY, TOM",c-t-eid,"17659056,17659055","REED, JILL & CARY, TOM",c-t-ftsts,Lost-General,Lost-General,c-t-sts,2,Lost,c-t-pt,156,UNAFFILIATED,c-t-p,3,Third-Party,s,US,US,y,2012,2012,c-r-t,1,Standard,c-r-osid,14923,"PRESIDENT / VICE PRESIDENT",c-t-ico,C,Challenger,132,48388.06
f-fc=1&c-exi=1&c-r-ot=P&c-t-id=142387&c-t-p=3,c-t-id,142387,"LINDSAY, PETA & OSORIO, YARI",c-t-eid,"17659060,17659059","LINDSAY, PETA & OSORIO, YARI",c-t-ftsts,Lost-General,Lost-General,c-t-sts,2,Lost,c-t-pt,274,"SOCIALISM AND LIBERATION",c-t-p,3,Third-Party,s,US,US,y,2012,2012,c-r-t,1,Standard,c-r-osid,14923,"PRESIDENT / VICE PRESIDENT",c-t-ico,C,Challenger,91,31058.00
f-fc=1&c-exi=1&c-r-ot=P&c-t-id=142427&c-t-p=3,c-t-id,142427,"HARRIS, R J",c-t-eid,17657560,"HARRIS, R J",c-t-ftsts,Lost-Convention,Lost-Convention,c-t-sts,2,Lost,c-t-pt,73,LIBERTARIAN,c-t-p,3,Third-Party,s,US,US,y,2012,2012,c-r-t,1,Standard,c-r-osid,14923,"PRESIDENT / VICE PRESIDENT",c-t-ico,O,Open,22,16421.00
f-fc=1&c-exi=1&c-r-ot=P&c-t-id=142430&c-t-p=3,c-t-id,142430,"WRIGHTS, R LEE",c-t-eid,17659110,"WRIGHTS, R LEE",c-t-ftsts,Lost-Convention,Lost-Convention,c-t-sts,2,Lost,c-t-pt,73,LIBERTARIAN,c-t-p,3,Third-Party,s,US,US,y,2012,2012,c-r-t,1,Standard,c-r-osid,14923,"PRESIDENT / VICE PRESIDENT",c-t-ico,O,Open,22,13400.00
f-fc=1&c-exi=1&c-r-ot=P&c-t-id=142417&c-t-p=2,c-t-id,142417,"HILL, CHRISTOPHER",c-t-eid,17659097,"HILL, CHRISTOPHER",c-t-ftsts,Lost-Convention,Lost-Convention,c-t-sts,2,Lost,c-t-pt,139,REPUBLICAN,c-t-p,2,Republican,s,US,US,y,2012,2012,c-r-t,1,Standard,c-r-osid,14923,"PRESIDENT / VICE PRESIDENT",c-t-ico,O,Open,35,12450.00
f-fc=1&c-exi=1&c-r-ot=P&c-t-id=142404&c-t-p=3,c-t-id,142404,"MORSTAD, DEAN & FRANKE-HYLAND, JOSHUA P",c-t-eid,"17659084,17659083","MORSTAD, DEAN & FRANKE-HYLAND, JOSHUA P",c-t-ftsts,Lost-General,Lost-General,c-t-sts,2,Lost,c-t-pt,252,"CONSTITUTIONAL GOVERNMENT",c-t-p,3,Third-Party,s,US,US,y,2012,2012,c-r-t,1,Standard,c-r-osid,14923,"PRESIDENT / VICE PRESIDENT",c-t-ico,C,Challenger,11,10757.00
f-fc=1&c-exi=1&c-r-ot=P&c-t-id=142434&c-t-p=2,c-t-id,142434,"DRUMMOND, KEITH",c-t-eid,17659114,"DRUMMOND, KEITH",c-t-ftsts,Lost-Convention,Lost-Convention,c-t-sts,2,Lost,c-t-pt,139,REPUBLICAN,c-t-p,2,Republican,s,US,US,y,2012,2012,c-r-t,1,Standard,c-r-osid,14923,"PRESIDENT / VICE PRESIDENT",c-t-ico,O,Open,3,10400.00
f-fc=1&c-exi=1&c-r-ot=P&c-t-id=142419&c-t-p=3,c-t-id,142419,"MESPLAY, KENT",c-t-eid,17659099,"MESPLAY, KENT",c-t-ftsts,Lost-Convention,Lost-Convention,c-t-sts,2,Lost,c-t-pt,51,GREEN,c-t-p,3,Third-Party,s,US,US,y,2012,2012,c-r-t,1,Standard,c-r-osid,14923,"PRESIDENT / VICE PRESIDENT",c-t-ico,O,Open,28,9896.89
f-fc=1&c-exi=1&c-r-ot=P&c-t-id=143303&c-t-p=3,c-t-id,143303,"PERSON, CARL E",c-t-eid,13010280,"PERSON, CARL E",c-t-ftsts,Lost-Convention,Lost-Convention,c-t-sts,2,Lost,c-t-pt,73,LIBERTARIAN,c-t-p,3,Third-Party,s,US,US,y,2012,2012,c-r-t,1,Standard,c-r-osid,14923,"PRESIDENT / VICE PRESIDENT",c-t-ico,O,Open,1,9579.66
f-fc=1&c-exi=1&c-r-ot=P&c-t-id=142391&c-t-p=3,c-t-id,142391,"WHITE, JERRY & SCHERRER, PHYLLIS",c-t-eid,"17659066,17659065","WHITE, JERRY & SCHERRER, PHYLLIS",c-t-ftsts,Lost-General,Lost-General,c-t-sts,2,Lost,c-t-pt,62,INDEPENDENT,c-t-p,3,Third-Party,s,US,US,y,2012,2012,c-r-t,1,Standard,c-r-osid,14923,"PRESIDENT / VICE PRESIDENT",c-t-ico,C,Challenger,6,9159.46
f-fc=1&c-exi=1&c-r-ot=P&c-t-id=142392&c-t-p=3,c-t-id,142392,"MILLER, MERLIN",c-t-eid,17659067,"MILLER, MERLIN",c-t-ftsts,Lost-General,Lost-General,c-t-sts,2,Lost,c-t-pt,62,INDEPENDENT,c-t-p,3,Third-Party,s,US,US,y,2012,2012,c-r-t,1,Standard,c-r-osid,14923,"PRESIDENT / VICE PRESIDENT",c-t-ico,C,Challenger,6,8758.09
f-fc=1&c-exi=1&c-r-ot=P&c-t-id=142414&c-t-p=2,c-t-id,142414,"CISNEROS, CESAR",c-t-eid,17659094,"CISNEROS, CESAR",c-t-ftsts,Lost-Convention,Lost-Convention,c-t-sts,2,Lost,c-t-pt,139,REPUBLICAN,c-t-p,2,Republican,s,US,US,y,2012,2012,c-r-t,1,Standard,c-r-osid,14923,"PRESIDENT / VICE PRESIDENT",c-t-ico,O,Open,4,6796.86
f-fc=1&c-exi=1&c-r-ot=P&c-t-id=142444&c-t-p=1,c-t-id,142444,"JUDD, KEITH",c-t-eid,17659124,"JUDD, KEITH",c-t-ftsts,Lost-Convention,Lost-Convention,c-t-sts,2,Lost,c-t-pt,33,DEMOCRATIC,c-t-p,1,Democratic,s,US,US,y,2012,2012,c-r-t,1,Standard,c-r-osid,14923,"PRESIDENT / VICE PRESIDENT",c-t-ico,C,Challenger,2,5000.00
f-fc=1&c-exi=1&c-r-ot=P&c-t-id=142433&c-t-p=2,c-t-id,142433,"CROW, RANDY",c-t-eid,17659113,"CROW, RANDY",c-t-ftsts,Lost-Convention,Lost-Convention,c-t-sts,2,Lost,c-t-pt,139,REPUBLICAN,c-t-p,2,Republican,s,US,US,y,2012,2012,c-r-t,1,Standard,c-r-osid,14923,"PRESIDENT / VICE PRESIDENT",c-t-ico,O,Open,3,4437.00
f-fc=1&c-exi=1&c-r-ot=P&c-t-id=142415&c-t-p=2,c-t-id,142415,"CALLAHAN, MARK",c-t-eid,17659095,"CALLAHAN, MARK",c-t-ftsts,Lost-Convention,Lost-Convention,c-t-sts,2,Lost,c-t-pt,139,REPUBLICAN,c-t-p,2,Republican,s,US,US,y,2012,2012,c-r-t,1,Standard,c-r-osid,14923,"PRESIDENT / VICE PRESIDENT",c-t-ico,O,Open,8,4256.00
f-fc=1&c-exi=1&c-r-ot=P&c-t-id=142441&c-t-p=2,c-t-id,142441,"WUENSCHE, VERN",c-t-eid,17659121,"WUENSCHE, VERN",c-t-ftsts,Lost-Convention,Lost-Convention,c-t-sts,2,Lost,c-t-pt,139,REPUBLICAN,c-t-p,2,Republican,s,US,US,y,2012,2012,c-r-t,1,Standard,c-r-osid,14923,"PRESIDENT / VICE PRESIDENT",c-t-ico,O,Open,5,3710.00
f-fc=1&c-exi=1&c-r-ot=P&c-t-id=142428&c-t-p=3,c-t-id,142428,"STILL, BILL",c-t-eid,17659108,"STILL, BILL",c-t-ftsts,Lost-Convention,Lost-Convention,c-t-sts,2,Lost,c-t-pt,73,LIBERTARIAN,c-t-p,3,Third-Party,s,US,US,y,2012,2012,c-r-t,1,Standard,c-r-osid,14923,"PRESIDENT / VICE PRESIDENT",c-t-ico,O,Open,5,3429.00
f-fc=1&c-exi=1&c-r-ot=P&c-t-id=142429&c-t-p=3,c-t-id,142429,"GARY, ROGER V",c-t-eid,6550849,"GARY, ROGER V",c-t-ftsts,Lost-Convention,Lost-Convention,c-t-sts,2,Lost,c-t-pt,73,LIBERTARIAN,c-t-p,3,Third-Party,s,US,US,y,2012,2012,c-r-t,1,Standard,c-r-osid,14923,"PRESIDENT / VICE PRESIDENT",c-t-ico,O,Open,2,2650.00
f-fc=1&c-exi=1&c-r-ot=P&c-t-id=142395&c-t-p=3,c-t-id,142395,"BARNETT, ANDRE & CROSS, KEN",c-t-eid,"17659072,17659071","BARNETT, ANDRE & CROSS, KEN",c-t-ftsts,Lost-General,Lost-General,c-t-sts,2,Lost,c-t-pt,137,REFORM,c-t-p,3,Third-Party,s,US,US,y,2012,2012,c-r-t,1,Standard,c-r-osid,14923,"PRESIDENT / VICE PRESIDENT",c-t-ico,C,Challenger,3,1808.62
f-fc=1&c-exi=1&c-r-ot=P&c-t-id=142402&c-t-p=3,c-t-id,142402,"FELLURE, JACK & DAVIS, TOBY",c-t-eid,"17659081,17659080","FELLURE, JACK & DAVIS, TOBY",c-t-ftsts,Lost-General,Lost-General,c-t-sts,2,Lost,c-t-pt,122,PROHIBITION,c-t-p,3,Third-Party,s,US,US,y,2012,2012,c-r-t,1,Standard,c-r-osid,14923,"PRESIDENT / VICE PRESIDENT",c-t-ico,C,Challenger,6,1783.81
f-fc=1&c-exi=1&c-r-ot=P&c-t-id=142390&c-t-p=3,c-t-id,142390,"ALEXANDER, STEWART A",c-t-eid,6552543,"ALEXANDER, STEWART A",c-t-ftsts,Lost-General,Lost-General,c-t-sts,2,Lost,c-t-pt,242,"SOCIALIST PARTY USA",c-t-p,3,Third-Party,s,US,US,y,2012,2012,c-r-t,1,Standard,c-r-osid,14923,"PRESIDENT / VICE PRESIDENT",c-t-ico,C,Challenger,1,977.01
f-fc=1&c-exi=1&c-r-ot=P&c-t-id=142418&c-t-p=2,c-t-id,142418,"LYNCH, FRANK",c-t-eid,17659098,"LYNCH, FRANK",c-t-ftsts,Lost-Convention,Lost-Convention,c-t-sts,2,Lost,c-t-pt,139,REPUBLICAN,c-t-p,2,Republican,s,US,US,y,2012,2012,c-r-t,1,Standard,c-r-osid,14923,"PRESIDENT / VICE PRESIDENT",c-t-ico,O,Open,3,241.50
f-fc=1&c-exi=1&c-r-ot=P&c-t-id=142439&c-t-p=2,c-t-id,142439,"STORY, JOE",c-t-eid,17659119,"STORY, JOE",c-t-ftsts,Lost-Convention,Lost-Convention,c-t-sts,2,Lost,c-t-pt,139,REPUBLICAN,c-t-p,2,Republican,s,US,US,y,2012,2012,c-r-t,1,Standard,c-r-osid,14923,"PRESIDENT / VICE PRESIDENT",c-t-ico,O,Open,1,200.00
f-fc=1&c-exi=1&c-r-ot=P&c-t-id=142386&c-t-p=3,c-t-id,142386,"TITTLE, SHEILA (SAMM)",c-t-eid,17659058,"TITTLE, SHEILA (SAMM)",c-t-ftsts,Lost-General,Lost-General,c-t-sts,2,Lost,c-t-pt,173,"WE THE PEOPLE",c-t-p,3,Third-Party,s,US,US,y,2012,2012,c-r-t,1,Standard,c-r-osid,14923,"PRESIDENT / VICE PRESIDENT",c-t-ico,C,Challenger,0,0.00
f-fc=1&c-exi=1&c-r-ot=P&c-t-id=142393&c-t-p=3,c-t-id,142393,"STEVENS, THOMAS ROBERT & LINK, ALDEN",c-t-eid,"17659069,17659068","STEVENS, THOMAS ROBERT & LINK, ALDEN",c-t-ftsts,Lost-General,Lost-General,c-t-sts,2,Lost,c-t-pt,264,"OBJECTIVIST PARTY OF FLORIDA",c-t-p,3,Third-Party,s,US,US,y,2012,2012,c-r-t,1,Standard,c-r-osid,14923,"PRESIDENT / VICE PRESIDENT",c-t-ico,C,Challenger,0,0.00
f-fc=1&c-exi=1&c-r-ot=P&c-t-id=142401&c-t-p=3,c-t-id,142401,"BALDWIN, CHUCK",c-t-eid,17659079,"BALDWIN, CHUCK",c-t-ftsts,Lost-General,Lost-General,c-t-sts,2,Lost,c-t-pt,137,REFORM,c-t-p,3,Third-Party,s,US,US,y,2012,2012,c-r-t,1,Standard,c-r-osid,14923,"PRESIDENT / VICE PRESIDENT",c-t-ico,C,Challenger,0,0.00
f-fc=1&c-exi=1&c-r-ot=P&c-t-id=142406&c-t-p=3,c-t-id,142406,"BOSS, JEFFREY",c-t-eid,6497916,"BOSS, JEFFREY",c-t-ftsts,Lost-General,Lost-General,c-t-sts,2,Lost,c-t-pt,263,"NSA DID 911",c-t-p,3,Third-Party,s,US,US,y,2012,2012,c-r-t,1,Standard,c-r-osid,14923,"PRESIDENT / VICE PRESIDENT",c-t-ico,C,Challenger,0,0.00
f-fc=1&c-exi=1&c-r-ot=P&c-t-id=142413&c-t-p=2,c-t-id,142413,"SIMS, PAUL",c-t-eid,17659093,"SIMS, PAUL",c-t-ftsts,Lost-Convention,Lost-Convention,c-t-sts,2,Lost,c-t-pt,139,REPUBLICAN,c-t-p,2,Republican,s,US,US,y,2012,2012,c-r-t,1,Standard,c-r-osid,14923,"PRESIDENT / VICE PRESIDENT",c-t-ico,O,Open,0,0.00
f-fc=1&c-exi=1&c-r-ot=P&c-t-id=142420&c-t-p=1,c-t-id,142420,"WOLFE JR, JOHN",c-t-eid,17659100,"WOLFE JR, JOHN",c-t-ftsts,Lost-Convention,Lost-Convention,c-t-sts,2,Lost,c-t-pt,33,DEMOCRATIC,c-t-p,1,Democratic,s,US,US,y,2012,2012,c-r-t,1,Standard,c-r-osid,14923,"PRESIDENT / VICE PRESIDENT",c-t-ico,C,Challenger,0,0.00
f-fc=1&c-exi=1&c-r-ot=P&c-t-id=142424&c-t-p=3,c-t-id,142424,"ROTH, LAURIE",c-t-eid,17659104,"ROTH, LAURIE",c-t-ftsts,Lost-Convention,Lost-Convention,c-t-sts,2,Lost,c-t-pt,15,"AMERICAN INDEPENDENT",c-t-p,3,Third-Party,s,US,US,y,2012,2012,c-r-t,1,Standard,c-r-osid,14923,"PRESIDENT / VICE PRESIDENT",c-t-ico,O,Open,0,0.00
f-fc=1&c-exi=1&c-r-ot=P&c-t-id=142425&c-t-p=3,c-t-id,142425,"RIEKSE, MAD MAX",c-t-eid,17659105,"RIEKSE, MAD MAX",c-t-ftsts,Lost-Convention,Lost-Convention,c-t-sts,2,Lost,c-t-pt,15,"AMERICAN INDEPENDENT",c-t-p,3,Third-Party,s,US,US,y,2012,2012,c-r-t,1,Standard,c-r-osid,14923,"PRESIDENT / VICE PRESIDENT",c-t-ico,O,Open,0,0.00
f-fc=1&c-exi=1&c-r-ot=P&c-t-id=142426&c-t-p=3,c-t-id,142426,"WAYMIRE, BARBARA JOY",c-t-eid,17659106,"WAYMIRE, BARBARA JOY",c-t-ftsts,Lost-Convention,Lost-Convention,c-t-sts,2,Lost,c-t-pt,73,LIBERTARIAN,c-t-p,3,Third-Party,s,US,US,y,2012,2012,c-r-t,1,Standard,c-r-osid,14923,"PRESIDENT / VICE PRESIDENT",c-t-ico,O,Open,0,0.00
f-fc=1&c-exi=1&c-r-ot=P&c-t-id=142436&c-t-p=1,c-t-id,142436,"GREENE, BOB",c-t-eid,17659116,"GREENE, BOB",c-t-ftsts,Lost-Convention,Lost-Convention,c-t-sts,2,Lost,c-t-pt,33,DEMOCRATIC,c-t-p,1,Democratic,s,US,US,y,2012,2012,c-r-t,1,Standard,c-r-osid,14923,"PRESIDENT / VICE PRESIDENT",c-t-ico,C,Challenger,0,0.00
f-fc=1&c-exi=1&c-r-ot=P&c-t-id=142437&c-t-p=1,c-t-id,142437,"JORDAN, ROBERT B",c-t-eid,17659117,"JORDAN, ROBERT B",c-t-ftsts,Lost-Convention,Lost-Convention,c-t-sts,2,Lost,c-t-pt,33,DEMOCRATIC,c-t-p,1,Democratic,s,US,US,y,2012,2012,c-r-t,1,Standard,c-r-osid,14923,"PRESIDENT / VICE PRESIDENT",c-t-ico,C,Challenger,0,0.00
f-fc=1&c-exi=1&c-r-ot=P&c-t-id=142440&c-t-p=2,c-t-id,142440,"MARTIN, ANDY",c-t-eid,17659120,"MARTIN, ANDY",c-t-ftsts,Lost-Convention,Lost-Convention,c-t-sts,2,Lost,c-t-pt,139,REPUBLICAN,c-t-p,2,Republican,s,US,US,y,2012,2012,c-r-t,1,Standard,c-r-osid,14923,"PRESIDENT / VICE PRESIDENT",c-t-ico,O,Open,0,0.00
f-fc=1&c-exi=1&c-r-ot=P&c-t-id=142442&c-t-p=2,c-t-id,142442,"CORT, HUGH",c-t-eid,17659122,"CORT, HUGH",c-t-ftsts,Lost-Convention,Lost-Convention,c-t-sts,2,Lost,c-t-pt,139,REPUBLICAN,c-t-p,2,Republican,s,US,US,y,2012,2012,c-r-t,1,Standard,c-r-osid,14923,"PRESIDENT / VICE PRESIDENT",c-t-ico,O,Open,0,0.00
f-fc=1&c-exi=1&c-r-ot=P&c-t-id=143221&c-t-p=3,c-t-id,143221,"HOEFLING, TOM & ELLIS, JONATHAN",c-t-eid,"17661012,17661011","HOEFLING, TOM & ELLIS, JONATHAN",c-t-ftsts,Lost-General,Lost-General,c-t-sts,2,Lost,c-t-pt,15,"AMERICAN INDEPENDENT",c-t-p,3,Third-Party,s,US,US,y,2012,2012,c-r-t,1,Standard,c-r-osid,14923,"PRESIDENT / VICE PRESIDENT",c-t-ico,C,Challenger,0,0.00
f-fc=1&c-exi=1&c-r-ot=P&c-t-id=143225&c-t-p=3,c-t-id,143225,"LA RIVA, GLORIA & PURYEAR, EUGENE",c-t-eid,"17661024,17661023","LA RIVA, GLORIA & PURYEAR, EUGENE",c-t-ftsts,Lost-General,Lost-General,c-t-sts,2,Lost,c-t-pt,62,INDEPENDENT,c-t-p,3,Third-Party,s,US,US,y,2012,2012,c-r-t,1,Standard,c-r-osid,14923,"PRESIDENT / VICE PRESIDENT",c-t-ico,C,Challenger,0,0.00
f-fc=1&c-exi=1&c-r-ot=P&c-t-id=143227&c-t-p=3,c-t-id,143227,"ANDERSON, ROSS C (ROCKY) & RODRIGUEZ, LUIS J",c-t-eid,"17661031,17661030","ANDERSON, ROSS C (ROCKY) & RODRIGUEZ, LUIS J",c-t-ftsts,Lost-General,Lost-General,c-t-sts,2,Lost,c-t-pt,237,JUSTICE,c-t-p,3,Third-Party,s,US,US,y,2012,2012,c-r-t,1,Standard,c-r-osid,14923,"PRESIDENT / VICE PRESIDENT",c-t-ico,C,Challenger,0,0.00
f-fc=1&c-exi=1&c-r-ot=P&c-t-id=143232&c-t-p=3,c-t-id,143232,"WASHER, BARBARA DALE & TOOLE, CATHY L",c-t-eid,"6553211,6553820","WASHER, BARBARA DALE & TOOLE, CATHY L",c-t-ftsts,Lost-General,Lost-General,c-t-sts,2,Lost,c-t-pt,137,REFORM,c-t-p,3,Third-Party,s,US,US,y,2012,2012,c-r-t,1,Standard,c-r-osid,14923,"PRESIDENT / VICE PRESIDENT",c-t-ico,C,Challenger,0,0.00
f-fc=1&c-exi=1&c-r-ot=P&c-t-id=143234&c-t-p=3,c-t-id,143234,"HARRIS, JAMES & DELUCA, MAURA",c-t-eid,"17661052,6554434","HARRIS, JAMES & DELUCA, MAURA",c-t-ftsts,Lost-General,Lost-General,c-t-sts,2,Lost,c-t-pt,151,"SOCIALIST WORKERS",c-t-p,3,Third-Party,s,US,US,y,2012,2012,c-r-t,1,Standard,c-r-osid,14923,"PRESIDENT / VICE PRESIDENT",c-t-ico,C,Challenger,0,0.00
f-fc=1&c-exi=1&c-r-ot=P&c-t-id=143239&c-t-p=3,c-t-id,143239,"CHRISTENSEN, WILL",c-t-eid,17661064,"CHRISTENSEN, WILL",c-t-ftsts,Lost-General,Lost-General,c-t-sts,2,Lost,c-t-pt,29,CONSTITUTION,c-t-p,3,Third-Party,s,US,US,y,2012,2012,c-r-t,1,Standard,c-r-osid,14923,"PRESIDENT / VICE PRESIDENT",c-t-ico,C,Challenger,0,0.00
f-fc=1&c-exi=1&c-r-ot=P&c-t-id=143246&c-t-p=3,c-t-id,143246,"DUNCAN, RICHARD",c-t-eid,17661078,"DUNCAN, RICHARD",c-t-ftsts,Lost-General,Lost-General,c-t-sts,2,Lost,c-t-pt,62,INDEPENDENT,c-t-p,3,Third-Party,s,US,US,y,2012,2012,c-r-t,1,Standard,c-r-osid,14923,"PRESIDENT / VICE PRESIDENT",c-t-ico,C,Challenger,0,0.00
f-fc=1&c-exi=1&c-r-ot=P&c-t-id=143256&c-t-p=3,c-t-id,143256,"LITZEL, JERRY",c-t-eid,17661094,"LITZEL, JERRY",c-t-ftsts,Lost-General,Lost-General,c-t-sts,2,Lost,c-t-pt,99,"NOMINATED BY PETITION",c-t-p,3,Third-Party,s,US,US,y,2012,2012,c-r-t,1,Standard,c-r-osid,14923,"PRESIDENT / VICE PRESIDENT",c-t-ico,C,Challenger,0,0.00
f-fc=1&c-exi=1&c-r-ot=P&c-t-id=143279&c-t-p=2,c-t-id,143279,"GONZALES, SARAH",c-t-eid,17661131,"GONZALES, SARAH",c-t-ftsts,Lost-Convention,Lost-Convention,c-t-sts,2,Lost,c-t-pt,139,REPUBLICAN,c-t-p,2,Republican,s,US,US,y,2012,2012,c-r-t,1,Standard,c-r-osid,14923,"PRESIDENT / VICE PRESIDENT",c-t-ico,O,Open,0,0.00
f-fc=1&c-exi=1&c-r-ot=P&c-t-id=143280&c-t-p=2,c-t-id,143280,"BENJAMIN, DONALD",c-t-eid,17661133,"BENJAMIN, DONALD",c-t-ftsts,Lost-Convention,Lost-Convention,c-t-sts,2,Lost,c-t-pt,139,REPUBLICAN,c-t-p,2,Republican,s,US,US,y,2012,2012,c-r-t,1,Standard,c-r-osid,14923,"PRESIDENT / VICE PRESIDENT",c-t-ico,O,Open,0,0.00
f-fc=1&c-exi=1&c-r-ot=P&c-t-id=143281&c-t-p=2,c-t-id,143281,"LEVINSON, MICHAEL",c-t-eid,17661134,"LEVINSON, MICHAEL",c-t-ftsts,Lost-Convention,Lost-Convention,c-t-sts,2,Lost,c-t-pt,139,REPUBLICAN,c-t-p,2,Republican,s,US,US,y,2012,2012,c-r-t,1,Standard,c-r-osid,14923,"PRESIDENT / VICE PRESIDENT",c-t-ico,O,Open,0,0.00
f-fc=1&c-exi=1&c-r-ot=P&c-t-id=143282&c-t-p=2,c-t-id,143282,"DEAN, KIP",c-t-eid,17661136,"DEAN, KIP",c-t-ftsts,Lost-Convention,Lost-Convention,c-t-sts,2,Lost,c-t-pt,139,REPUBLICAN,c-t-p,2,Republican,s,US,US,y,2012,2012,c-r-t,1,Standard,c-r-osid,14923,"PRESIDENT / VICE PRESIDENT",c-t-ico,O,Open,0,0.00
f-fc=1&c-exi=1&c-r-ot=P&c-t-id=143283&c-t-p=2,c-t-id,143283,"ZACK, RONALD",c-t-eid,17661137,"ZACK, RONALD",c-t-ftsts,Lost-Convention,Lost-Convention,c-t-sts,2,Lost,c-t-pt,139,REPUBLICAN,c-t-p,2,Republican,s,US,US,y,2012,2012,c-r-t,1,Standard,c-r-osid,14923,"PRESIDENT / VICE PRESIDENT",c-t-ico,O,Open,0,0.00
f-fc=1&c-exi=1&c-r-ot=P&c-t-id=143284&c-t-p=2,c-t-id,143284,"ARNETT, WAYNE CHARLES",c-t-eid,17661139,"ARNETT, WAYNE CHARLES",c-t-ftsts,Lost-Convention,Lost-Convention,c-t-sts,2,Lost,c-t-pt,139,REPUBLICAN,c-t-p,2,Republican,s,US,US,y,2012,2012,c-r-t,1,Standard,c-r-osid,14923,"PRESIDENT / VICE PRESIDENT",c-t-ico,O,Open,0,0.00
f-fc=1&c-exi=1&c-r-ot=P&c-t-id=143285&c-t-p=2,c-t-id,143285,"PERKINS, RAYMOND SCOTT",c-t-eid,17661140,"PERKINS, RAYMOND SCOTT",c-t-ftsts,Lost-Convention,Lost-Convention,c-t-sts,2,Lost,c-t-pt,139,REPUBLICAN,c-t-p,2,Republican,s,US,US,y,2012,2012,c-r-t,1,Standard,c-r-osid,14923,"PRESIDENT / VICE PRESIDENT",c-t-ico,O,Open,0,0.00
f-fc=1&c-exi=1&c-r-ot=P&c-t-id=143286&c-t-p=2,c-t-id,143286,"WELCH, MATT",c-t-eid,17661142,"WELCH, MATT",c-t-ftsts,Lost-Convention,Lost-Convention,c-t-sts,2,Lost,c-t-pt,139,REPUBLICAN,c-t-p,2,Republican,s,US,US,y,2012,2012,c-r-t,1,Standard,c-r-osid,14923,"PRESIDENT / VICE PRESIDENT",c-t-ico,O,Open,0,0.00
f-fc=1&c-exi=1&c-r-ot=P&c-t-id=143287&c-t-p=2,c-t-id,143287,"TERR, JIM",c-t-eid,17661143,"TERR, JIM",c-t-ftsts,Lost-Convention,Lost-Convention,c-t-sts,2,Lost,c-t-pt,139,REPUBLICAN,c-t-p,2,Republican,s,US,US,y,2012,2012,c-r-t,1,Standard,c-r-osid,14923,"PRESIDENT / VICE PRESIDENT",c-t-ico,O,Open,0,0.00
f-fc=1&c-exi=1&c-r-ot=P&c-t-id=143288&c-t-p=2,c-t-id,143288,"SKELLEY, CHARLES",c-t-eid,17661144,"SKELLEY, CHARLES",c-t-ftsts,Lost-Convention,Lost-Convention,c-t-sts,2,Lost,c-t-pt,139,REPUBLICAN,c-t-p,2,Republican,s,US,US,y,2012,2012,c-r-t,1,Standard,c-r-osid,14923,"PRESIDENT / VICE PRESIDENT",c-t-ico,O,Open,0,0.00
f-fc=1&c-exi=1&c-r-ot=P&c-t-id=143289&c-t-p=2,c-t-id,143289,"BOLLANDER, SIMON",c-t-eid,17661146,"BOLLANDER, SIMON",c-t-ftsts,Lost-Convention,Lost-Convention,c-t-sts,2,Lost,c-t-pt,139,REPUBLICAN,c-t-p,2,Republican,s,US,US,y,2012,2012,c-r-t,1,Standard,c-r-osid,14923,"PRESIDENT / VICE PRESIDENT",c-t-ico,O,Open,0,0.00
f-fc=1&c-exi=1&c-r-ot=P&c-t-id=143290&c-t-p=3,c-t-id,143290,"GRAYSON, RICHARD",c-t-eid,17661147,"GRAYSON, RICHARD",c-t-ftsts,Lost-Convention,Lost-Convention,c-t-sts,2,Lost,c-t-pt,51,GREEN,c-t-p,3,Third-Party,s,US,US,y,2012,2012,c-r-t,1,Standard,c-r-osid,14923,"PRESIDENT / VICE PRESIDENT",c-t-ico,O,Open,0,0.00
f-fc=1&c-exi=1&c-r-ot=P&c-t-id=143291&c-t-p=3,c-t-id,143291,"OATMAN, MICHAEL",c-t-eid,17661149,"OATMAN, MICHAEL",c-t-ftsts,Lost-Convention,Lost-Convention,c-t-sts,2,Lost,c-t-pt,51,GREEN,c-t-p,3,Third-Party,s,US,US,y,2012,2012,c-r-t,1,Standard,c-r-osid,14923,"PRESIDENT / VICE PRESIDENT",c-t-ico,O,Open,0,0.00
f-fc=1&c-exi=1&c-r-ot=P&c-t-id=143292&c-t-p=3,c-t-id,143292,"SWING, GARY",c-t-eid,17661150,"SWING, GARY",c-t-ftsts,Lost-Convention,Lost-Convention,c-t-sts,2,Lost,c-t-pt,51,GREEN,c-t-p,3,Third-Party,s,US,US,y,2012,2012,c-r-t,1,Standard,c-r-osid,14923,"PRESIDENT / VICE PRESIDENT",c-t-ico,O,Open,0,0.00
f-fc=1&c-exi=1&c-r-ot=P&c-t-id=143293&c-t-p=3,c-t-id,143293,"DAVIS, GERARD",c-t-eid,17661152,"DAVIS, GERARD",c-t-ftsts,Lost-Convention,Lost-Convention,c-t-sts,2,Lost,c-t-pt,51,GREEN,c-t-p,3,Third-Party,s,US,US,y,2012,2012,c-r-t,1,Standard,c-r-osid,14923,"PRESIDENT / VICE PRESIDENT",c-t-ico,O,Open,0,0.00
f-fc=1&c-exi=1&c-r-ot=P&c-t-id=143298&c-t-p=3,c-t-id,143298,"NOONAN, EDWARD C",c-t-eid,6520943,"NOONAN, EDWARD C",c-t-ftsts,Lost-Convention,Lost-Convention,c-t-sts,2,Lost,c-t-pt,15,"AMERICAN INDEPENDENT",c-t-p,3,Third-Party,s,US,US,y,2012,2012,c-r-t,1,Standard,c-r-osid,14923,"PRESIDENT / VICE PRESIDENT",c-t-ico,O,Open,0,0.00
f-fc=1&c-exi=1&c-r-ot=P&c-t-id=143301&c-t-p=3,c-t-id,143301,"KELLER, SCOTT",c-t-eid,17661165,"KELLER, SCOTT",c-t-ftsts,Lost-Convention,Lost-Convention,c-t-sts,2,Lost,c-t-pt,73,LIBERTARIAN,c-t-p,3,Third-Party,s,US,US,y,2012,2012,c-r-t,1,Standard,c-r-osid,14923,"PRESIDENT / VICE PRESIDENT",c-t-ico,O,Open,0,0.00
f-fc=1&c-exi=1&c-r-ot=P&c-t-id=143302&c-t-p=3,c-t-id,143302,"OGLE III, JAMES ORLAND",c-t-eid,17661168,"OGLE III, JAMES ORLAND",c-t-ftsts,Lost-Convention,Lost-Convention,c-t-sts,2,Lost,c-t-pt,73,LIBERTARIAN,c-t-p,3,Third-Party,s,US,US,y,2012,2012,c-r-t,1,Standard,c-r-osid,14923,"PRESIDENT / VICE PRESIDENT",c-t-ico,O,Open,0,0.00
f-fc=1&c-exi=1&c-r-ot=P&c-t-id=143304&c-t-p=3,c-t-id,143304,"UPCHURCH, SHELLEY",c-t-eid,17661173,"UPCHURCH, SHELLEY",c-t-ftsts,Lost-Convention,Lost-Convention,c-t-sts,2,Lost,c-t-pt,110,"PEACE & FREEDOM",c-t-p,3,Third-Party,s,US,US,y,2012,2012,c-r-t,1,Standard,c-r-osid,14923,"PRESIDENT / VICE PRESIDENT",c-t-ico,O,Open,0,0.00
f-fc=1&c-exi=1&c-r-ot=P&c-t-id=143305&c-t-p=3,c-t-id,143305,"RAY, LEON LEO",c-t-eid,17661175,"RAY, LEON LEO",c-t-ftsts,Lost-Convention,Lost-Convention,c-t-sts,2,Lost,c-t-pt,110,"PEACE & FREEDOM",c-t-p,3,Third-Party,s,US,US,y,2012,2012,c-r-t,1,Standard,c-r-osid,14923,"PRESIDENT / VICE PRESIDENT",c-t-ico,O,Open,0,0.00
f-fc=1&c-exi=1&c-r-ot=P&c-t-id=143306&c-t-p=3,c-t-id,143306,"FORBES, RONALD CLINTON",c-t-eid,17661177,"FORBES, RONALD CLINTON",c-t-ftsts,Lost-Convention,Lost-Convention,c-t-sts,2,Lost,c-t-pt,110,"PEACE & FREEDOM",c-t-p,3,Third-Party,s,US,US,y,2012,2012,c-r-t,1,Standard,c-r-osid,14923,"PRESIDENT / VICE PRESIDENT",c-t-ico,O,Open,0,0.00
f-fc=1&c-exi=1&c-r-ot=P&c-t-id=143307&c-t-p=3,c-t-id,143307,"MIKKELSON, HARLEY G",c-t-eid,378259,"MIKKELSON, HARLEY G",c-t-ftsts,Lost-Convention,Lost-Convention,c-t-sts,2,Lost,c-t-pt,55,GREEN-RAINBOW,c-t-p,3,Third-Party,s,US,US,y,2012,2012,c-r-t,1,Standard,c-r-osid,14923,"PRESIDENT / VICE PRESIDENT",c-t-ico,O,Open,0,0.00
f-fc=1&c-exi=1&c-r-ot=P&c-t-id=143308&c-t-p=2,c-t-id,143308,"MEEHAN, MICHAEL J",c-t-eid,17661179,"MEEHAN, MICHAEL J",c-t-ftsts,Lost-Convention,Lost-Convention,c-t-sts,2,Lost,c-t-pt,139,REPUBLICAN,c-t-p,2,Republican,s,US,US,y,2012,2012,c-r-t,1,Standard,c-r-osid,14923,"PRESIDENT / VICE PRESIDENT",c-t-ico,O,Open,0,0.00
f-fc=1&c-exi=1&c-r-ot=P&c-t-id=143309&c-t-p=1,c-t-id,143309,"COWAN, ED",c-t-eid,17661181,"COWAN, ED",c-t-ftsts,Lost-Convention,Lost-Convention,c-t-sts,2,Lost,c-t-pt,33,DEMOCRATIC,c-t-p,1,Democratic,s,US,US,y,2012,2012,c-r-t,1,Standard,c-r-osid,14923,"PRESIDENT / VICE PRESIDENT",c-t-ico,C,Challenger,0,0.00
f-fc=1&c-exi=1&c-r-ot=P&c-t-id=143310&c-t-p=1,c-t-id,143310,"SUPREME, VERMIN",c-t-eid,17661182,"SUPREME, VERMIN",c-t-ftsts,Lost-Convention,Lost-Convention,c-t-sts,2,Lost,c-t-pt,33,DEMOCRATIC,c-t-p,1,Democratic,s,US,US,y,2012,2012,c-r-t,1,Standard,c-r-osid,14923,"PRESIDENT / VICE PRESIDENT",c-t-ico,C,Challenger,0,0.00
f-fc=1&c-exi=1&c-r-ot=P&c-t-id=143311&c-t-p=1,c-t-id,143311,"FREIS, CRAIG",c-t-eid,17661184,"FREIS, CRAIG",c-t-ftsts,Lost-Convention,Lost-Convention,c-t-sts,2,Lost,c-t-pt,33,DEMOCRATIC,c-t-p,1,Democratic,s,US,US,y,2012,2012,c-r-t,1,Standard,c-r-osid,14923,"PRESIDENT / VICE PRESIDENT",c-t-ico,C,Challenger,0,0.00
f-fc=1&c-exi=1&c-r-ot=P&c-t-id=143312&c-t-p=1,c-t-id,143312,"OCONNOR, CORNELIUS EDWARD",c-t-eid,17661185,"OCONNOR, CORNELIUS EDWARD",c-t-ftsts,Lost-Convention,Lost-Convention,c-t-sts,2,Lost,c-t-pt,33,DEMOCRATIC,c-t-p,1,Democratic,s,US,US,y,2012,2012,c-r-t,1,Standard,c-r-osid,14923,"PRESIDENT / VICE PRESIDENT",c-t-ico,C,Challenger,0,0.00
f-fc=1&c-exi=1&c-r-ot=P&c-t-id=143313&c-t-p=1,c-t-id,143313,"ODONNELL JR, EDWARD T",c-t-eid,17661187,"ODONNELL JR, EDWARD T",c-t-ftsts,Lost-Convention,Lost-Convention,c-t-sts,2,Lost,c-t-pt,33,DEMOCRATIC,c-t-p,1,Democratic,s,US,US,y,2012,2012,c-r-t,1,Standard,c-r-osid,14923,"PRESIDENT / VICE PRESIDENT",c-t-ico,C,Challenger,0,0.00
f-fc=1&c-exi=1&c-r-ot=P&c-t-id=143314&c-t-p=1,c-t-id,143314,"TYLER, ALDOUS C",c-t-eid,17661188,"TYLER, ALDOUS C",c-t-ftsts,Lost-Convention,Lost-Convention,c-t-sts,2,Lost,c-t-pt,33,DEMOCRATIC,c-t-p,1,Democratic,s,US,US,y,2012,2012,c-r-t,1,Standard,c-r-osid,14923,"PRESIDENT / VICE PRESIDENT",c-t-ico,C,Challenger,0,0.00
f-fc=1&c-exi=1&c-r-ot=P&c-t-id=143315&c-t-p=2,c-t-id,143315,"RUBASH, KEVIN",c-t-eid,17661190,"RUBASH, KEVIN",c-t-ftsts,Lost-Convention,Lost-Convention,c-t-sts,2,Lost,c-t-pt,139,REPUBLICAN,c-t-p,2,Republican,s,US,US,y,2012,2012,c-r-t,1,Standard,c-r-osid,14923,"PRESIDENT / VICE PRESIDENT",c-t-ico,O,Open,0,0.00
f-fc=1&c-exi=1&c-r-ot=P&c-t-id=143316&c-t-p=2,c-t-id,143316,"LAWMAN, JEFF",c-t-eid,17661192,"LAWMAN, JEFF",c-t-ftsts,Lost-Convention,Lost-Convention,c-t-sts,2,Lost,c-t-pt,139,REPUBLICAN,c-t-p,2,Republican,s,US,US,y,2012,2012,c-r-t,1,Standard,c-r-osid,14923,"PRESIDENT / VICE PRESIDENT",c-t-ico,O,Open,0,0.00
f-fc=1&c-exi=1&c-r-ot=P&c-t-id=143317&c-t-p=2,c-t-id,143317,"LINN, BENJAMIN",c-t-eid,17661194,"LINN, BENJAMIN",c-t-ftsts,Lost-Convention,Lost-Convention,c-t-sts,2,Lost,c-t-pt,139,REPUBLICAN,c-t-p,2,Republican,s,US,US,y,2012,2012,c-r-t,1,Standard,c-r-osid,14923,"PRESIDENT / VICE PRESIDENT",c-t-ico,O,Open,0,0.00
f-fc=1&c-exi=1&c-r-ot=P&c-t-id=143318&c-t-p=2,c-t-id,143318,"BETZLER, BEAR",c-t-eid,17661196,"BETZLER, BEAR",c-t-ftsts,Lost-Convention,Lost-Convention,c-t-sts,2,Lost,c-t-pt,139,REPUBLICAN,c-t-p,2,Republican,s,US,US,y,2012,2012,c-r-t,1,Standard,c-r-osid,14923,"PRESIDENT / VICE PRESIDENT",c-t-ico,O,Open,0,0.00
f-fc=1&c-exi=1&c-r-ot=P&c-t-id=143319&c-t-p=2,c-t-id,143319,"ROBINSON, JOE",c-t-eid,17661197,"ROBINSON, JOE",c-t-ftsts,Lost-Convention,Lost-Convention,c-t-sts,2,Lost,c-t-pt,139,REPUBLICAN,c-t-p,2,Republican,s,US,US,y,2012,2012,c-r-t,1,Standard,c-r-osid,14923,"PRESIDENT / VICE PRESIDENT",c-t-ico,O,Open,0,0.00
f-fc=1&c-exi=1&c-r-ot=P&c-t-id=143320&c-t-p=2,c-t-id,143320,"SWIFT, LINDEN",c-t-eid,17661199,"SWIFT, LINDEN",c-t-ftsts,Lost-Convention,Lost-Convention,c-t-sts,2,Lost,c-t-pt,139,REPUBLICAN,c-t-p,2,Republican,s,US,US,y,2012,2012,c-r-t,1,Standard,c-r-osid,14923,"PRESIDENT / VICE PRESIDENT",c-t-ico,O,Open,0,0.00
f-fc=1&c-exi=1&c-r-ot=P&c-t-id=143321&c-t-p=2,c-t-id,143321,"BREWER, TIMOTHY",c-t-eid,17661200,"BREWER, TIMOTHY",c-t-ftsts,Lost-Convention,Lost-Convention,c-t-sts,2,Lost,c-t-pt,139,REPUBLICAN,c-t-p,2,Republican,s,US,US,y,2012,2012,c-r-t,1,Standard,c-r-osid,14923,"PRESIDENT / VICE PRESIDENT",c-t-ico,O,Open,0,0.00
f-fc=1&c-exi=1&c-r-ot=P&c-t-id=143322&c-t-p=2,c-t-id,143322,"VESTERMARK, JAMES A",c-t-eid,17661202,"VESTERMARK, JAMES A",c-t-ftsts,Lost-Convention,Lost-Convention,c-t-sts,2,Lost,c-t-pt,139,REPUBLICAN,c-t-p,2,Republican,s,US,US,y,2012,2012,c-r-t,1,Standard,c-r-osid,14923,"PRESIDENT / VICE PRESIDENT",c-t-ico,O,Open,0,0.00
f-fc=1&c-exi=1&c-r-ot=P&c-t-id=143323&c-t-p=1,c-t-id,143323,"ROGERS, JIM",c-t-eid,6477254,"ROGERS, JIM",c-t-ftsts,Lost-Convention,Lost-Convention,c-t-sts,2,Lost,c-t-pt,33,DEMOCRATIC,c-t-p,1,Democratic,s,US,US,y,2012,2012,c-r-t,1,Standard,c-r-osid,14923,"PRESIDENT / VICE PRESIDENT",c-t-ico,C,Challenger,0,0.00
